description,seq,5C4_1uM,5C4_10nMFab,D25_100pM,D25_10nM,len,enrichment_5C4,enrichment_D25
1,SCDERKNYIDKQLLPIVNKQSCGSAEEWQKDVEKLLRNAGVKDCLKEWFSGIKEWKCG,462,204,171,10986,58,0.441558442,0.015565265
2,SCDEAKNYIDKQLLPIVNKQSCGSAEEWQKDVEKLLRNAGVKDCLKEWFSGIKEWKCG,112,15,38,4723,58,0.133928571,0.008045734
3,PCDDNKNYIDKQLLPIVNKQSCGSAEEWQKDVEKLLRNAGVKDCLKEWFSGIKEWKCG,69,16,10,1572,58,0.231884058,0.006361323
4,SCDESKNYIDKQLLPIVNKQSCGSAEEWQKDVEKLLRNAGVKDCLKEWFSGIKEWKCG,51,29,16,2991,58,0.568627451,0.005349381
5,PCDDAKNYIDKQLLPIVNKQSCGSAEEWQKDVEKLLRNAGVKDCLKEWFSGIKEWKCG,114,40,53,4180,58,0.350877193,0.012679426
6,PCEDLKNYIDKQLLPIVNKQSCGSAEEWQKDVEKLLRNAGVKDCLKEWFSGIKEWKCG,78,64,9,3853,58,0.820512821,0.002335842
7,PCDKQKNYIDKQLLPIVNKAGCGSAEEVQKDIEKALRNAGVKDCLKEWFSRIKEFKCG,1173,94,36,1322,58,0.080136402,0.027231467
8,PCDDLKNYIDKQLLPIVNKQSCGSAEEWQKDVEKLLRNAGVKDCLKEWFSGIKEWKCG,157,25,23,2286,58,0.159235669,0.010061242
9,SCDEQKNYIDKQLLPIVNKQSCGSAEEWQKDVEKLLRNAGVKDCLKEWFSGIKEWKCG,36,32,2,1871,58,0.888888889,0.001068947
10,SCDENKNYIDKQLLPIVNKQSCGSAEEWQKDVEKLLRNAGVKDCLKEWFSGIKEWKCG,52,45,4,1725,58,0.865384615,0.002318841
11,SCDEHKNYIDKQLLPIVNKQSCGSAEEWQKDVEKLLRNAGVKDCLKEWFSGIKEWKCG,41,4,21,1907,58,0.097560976,0.011012061
12,SCDERKNYIDKQLLPIVNKQSCGSAEEWQKDVEKLLRNAGVKDCLKEWFSGIKEIKCG,48,6,3,1415,58,0.125,0.002120141
13,SCDERKNYIDKQLLPIVNKQSCGSAEEWQKDVEKLLRNAGVKDCLKEWFSGIKEFKCG,38,11,38,1419,58,0.289473684,0.026779422
14,SCDDLKNYIDKQLLPIVNKQSCGSAEEWQKDVEKLLRNAGVKDCLKEWFSGIKEWKCG,76,40,33,1813,58,0.526315789,0.018201875
15,SCDQIKNYIDKQLLPIVNKQSCGSAEEWQKDVEKLLRNAGVKDCLKEWFSGIKEWKCG,173,66,64,2497,58,0.38150289,0.025630757
17,PCDKSKNYIDKQLLPIVNKQSCGSAEEWQKDVEKLLRNAGVKDCLKEWFSGIKEWKCG,13,3,2,777,58,0.230769231,0.002574003
20,SCDQIKNYIDKQLLPIVNKAGCGSAEEWQKDVEKLLRNAGVKDCLKEWFSGIKEWKCG,1627,23,106,1505,58,0.014136447,0.070431894
21,SCEEAKNYIDKQLLPIVNKQSCGSAEEWQKDVEKLLRNAGVKDCLKEWFSGIKEWKCG,39,10,11,1263,58,0.256410256,0.008709422
26,SCDESKNYIDKQLLPIVNKQSCGSAEEWQKDVEKLLRNAGVKDCLKEWFSGIKEIKCG,30,2,2,666,58,0.066666667,0.003003003
27,PCDDYKNYIDKQLLPIVNKQSCGSAEEWQKDVEKLLRNAGVKDCLKEWFSGIKEWKCG,59,1,1,1205,58,0.016949153,0.000829876
30,PCDKQKNYIDKQLLPIVNKAGCGSAEEVQKDIEKALRNAGVKDCLKEWFSGIKEWKCG,402,21,43,762,58,0.052238806,0.056430446
32,SCDQIKNYIDKQLLPIVNKAGCGSAEEVQKDIEKALRNAGVKDCLKEWFSRIKEFKCG,2152,49,26,563,58,0.022769517,0.046181172
37,SCDQIKNYIDKQLLPIVNKAGCSRPEELEERIRRALKKFGDTDCLKDILLGIKEWKCG,1486,122,56994,394,58,0.082099596,144.6548223
41,PCEDYKNYIDKQLLPIVNKQSCGSAEEWQKDVEKLLRNAGVKDCLKEWFSGIKEWKCG,17,15,1,257,58,0.882352941,0.003891051
43,PCEDLKNYIDKQLLPIVNKQSCGSAEEWQKDVEKLLRNAGVKDCLKEWFSGIKEIKCG,17,4,3,701,58,0.235294118,0.004279601
48,SCEELKNYIDKQLLPIVNKAGCSRPEELERMFRKALKKMGDTSCFDDIMKGIKEWKCG,1922,50,2579,398,58,0.026014568,6.479899497
50,SCDERKNYIDKQLLPIVNKQSCGSAEEWQKDVEKLLRNAGVKDCLKEIFSGIKEWKCG,35,12,9,394,58,0.342857143,0.02284264
57,PCDDQKNYIDKQLLPIVNKAGCSRPEEVEEMVRRALKKLGETPCLEDILRGIKEIKCG,1326,108,176,268,58,0.081447964,0.656716418
59,SCDQIKNYIDKQLLPIVNKAGCGSAEEVQKDIEKALRNAGVKDCLKEWFSGIKEWKCG,1427,39,34,638,58,0.027330063,0.053291536
60,PCDKQKNYIDKQLLPIVNKQSCGSAEEWQKDVEKLLRNAGVKDCLKEWFSGIKEWKCG,15,62,16,800,58,4.133333333,0.02
64,SCDEAKNYIDKQLLPIVNKAGCGSAEEWQKDVEKLLRNAGVKDCLKEWFSGIKEWKCG,387,3,30,821,58,0.007751938,0.036540804
65,SCDEMKNYIDKQLLPIVNKAGCGSAEEFQKDIEKALRNAGVKDCLKEIFSGIKEWKCG,751,15,40,190,58,0.019973369,0.210526316
66,PCDDAKNYIDKQLLPIVNKAGCGSAEEWQKDVEKLLRNAGVKDCLKEWFSGIKEWKCG,339,3,29,898,58,0.008849558,0.032293987
67,PCDKQKNYIDKQLLPIVNKAGCGSAEEVQKDIEKALRNAGVKDCLKEWFSRIKEIKCG,205,3,1,155,58,0.014634146,0.006451613
73,PCDDAKNYIDKQLLPIVNKQSCGSAEEWQKDVEKLLRNAGVKDCLKEWFSGIKEFKCG,17,5,12,542,58,0.294117647,0.022140221
74,SCDEMKNYIDKQLLPIVNKQSCGSAEEWQKDVEKLLRNAGVKDCLKEWFSGIKEWKCG,13,1,1,461,58,0.076923077,0.002169197
82,PCDDAKNYIDKQLLPIVNKAGCGSAEEVQKDIEKALRNAGVKDCLKEWFSRIKEFKCG,892,12,21,285,58,0.013452915,0.073684211
85,SCDQIKNYIDKQLLPIVNKAGCGSAEEWQKDIEKLLRNAGVKDCLKEWFSGIKEWKCG,948,35,62,354,58,0.036919831,0.175141243
94,PCDDAKNYIDKQLLPIVNKQSCGSAEEWQKDVEKLLRNAGVKDCLKEWFSGIKEIKCG,20,5,7,594,58,0.25,0.011784512
100,SCDQIKNYIDKQLLPIVNKAGCGSAEEWQKDLEKLLRNAGVKDCLKEWFSGIKEWKCG,1121,43,2,345,58,0.038358608,0.005797101
104,TCDDLKNYIDKQLLPIVNKAGCGSAEEWQKDVEKLLRNAGVKDCLKEWFSGIKEWKCG,429,1,18,204,58,0.002331002,0.088235294
105,PCDDLKNYIDKQLLPIVNKAGCGSAEEWQKDVEKLLRNAGVKDCLKEWFSGIKEWKCG,427,6,1,432,58,0.014051522,0.002314815
109,SCEEAKNYIDKQLLPIVNKAGCGSAEEWQKDVEKLLRNAGVKDCLKEWFSGIKEWKCG,200,3,13,450,58,0.015,0.028888889
113,PCDDQKNYIDKQLLPIVNKQSCGSAEEWQKDVEKLLRNAGVKDCLKEWFSGIKEWKCG,28,1,2,351,58,0.035714286,0.005698006
120,SCDQIKNYIDKQLLPIVNKAGCGSAEEVQKDIEKALRNAGVKDCLKEWFSGIKEFKCG,649,16,15,182,58,0.024653313,0.082417582
121,SCDQIKNYIDKQLLPIVNKAGCGSAEEWQKDIEKALRNAGVKDCLKEIFSGIKEIKCG,700,1,60,158,58,0.001428571,0.379746835
123,PCEDLKNYIDKQLLPIVNKQSCGSAEEWQKDVEKLLRNAGVKDCLKEWFSRIKEIKCG,12,1,25,203,58,0.083333333,0.123152709
128,PCDDLKNYIDKQLLPIVNKQSCGSAEEWQKDVEKLLRNAGVKDCLKEWFSGIKEIKCG,35,1,3,317,58,0.028571429,0.009463722
129,SCDEHKNYIDKQLLPIVNKAGCGSAEEWQKDLEKALRNAGVKDCLKEIFSGVKEFKCG,196,23,1,120,58,0.117346939,0.008333333
132,PCDKQKNYIDKQLLPIVNKAGCGSAEEVQKDIEKLLRNAGVKDCLKEWFSGIKEWKCG,398,14,10,201,58,0.035175879,0.049751244
133,SCDQIKNYIDKQLLPIVNKAGCGSAEEWQKDVEKLLRNAGVKDCLKEWFSGIKEFKCG,520,8,147,314,58,0.015384615,0.468152866
141,SCDERKNYIDKQLLPIVNKQSCGSAEEWQKDVEKLLRNAGVKDCLKEFFSGIKEIKCG,8,1,2,172,58,0.125,0.011627907
142,SCDERKNYIDKQLLPIVNKQSCGSAEEWQKDVEKLLRNAGVKDCLKEIFSGIKEFKCG,23,3,3,179,58,0.130434783,0.016759777
145,PCDKQKNYIDKQLLPIVNKAGCGSAEEWQKDVEKLLRNAGVKDCLKEWFSGIKEWKCG,109,6,8,525,58,0.055045872,0.015238095
147,SCDQIKNYIDKQLLPIVNKQSCGSAEEWQKDVEKLLRNAGVKDCLKEWFSGIKEFKCG,42,10,15,383,58,0.238095238,0.039164491
148,SCEEAKNYIDKQLLPIVNKAGCGSAEEVQKDVEKLLRNAGVKDCLKEWFSGIKEWKCG,504,1,2,195,58,0.001984127,0.01025641
154,SCDEAKNYIDKQLLPIVNKAGCGSAEEVQKDIEKALRNAGVKDCLKEWFSRIKEFKCG,644,2,1,223,58,0.00310559,0.004484305
159,SCDQIKNYIDKQLLPIVNKAGCGSAEEVQKDVEKLLRNAGVKDCLKEWFSGIKEWKCG,814,10,7,349,58,0.012285012,0.020057307
172,SCDQIKNYIDKQLLPIVNKAGCGSAEEFQKDIEKALRNAGVKDCLKEIFSGIKEWKCG,603,3,9,103,58,0.004975124,0.087378641
173,SCDQIKNYIDKQLLPIVNKAGCGSAEEFQKDWEKLLRNAGVKDCLKEWFSGIKEWKCG,374,1,1,133,58,0.002673797,0.007518797
181,SCDQIKNYIDKQLLPIVNKAGCGSAEEVQKDLEKLLRNAGVKDCLKEWFSGIKEWKCG,574,5,9,156,58,0.008710801,0.057692308
187,SCDEQKNYIDKQLLPIVNKQSCGSAEEWQKDVEKLLRNAGVKDCLKEWFSGIKEFKCG,2,3,3,232,58,1.5,0.012931034
191,PCDKQKNYIDKQLLPIVNKAGCGSAEEVQKDIEKALRNAGVKDCLKEWFSGIKEIKCG,156,2,3,181,58,0.012820513,0.016574586
192,SCDQIKNYIDKQLLPIVNKQSCGSAEEWQKDVEKLLRNAGVKDCLKEWFSGIKEIKCG,32,6,9,401,58,0.1875,0.02244389
197,SCDQIKNYIDKQLLPIVNKAGCGSAEEFQKDLEKALRNAGVKDCLKEWFSGIKEWKCG,531,1,41,187,58,0.001883239,0.219251337
199,PCDKQKNYIDKQLLPIVNKAGCGSAEEVQKDIEKALRNAGVKDCLKEWFSGIKEFKCG,134,2,11,173,58,0.014925373,0.063583815
200,PCDDAKNYIDKQLLPIVNKAGCGSAEEWQKDFEKALRNAGVKDCLKEWFSGIKEFKCG,151,1,1,121,58,0.006622517,0.008264463
205,SCDEAKNYIDKQLLPIVNKAGCGSAEEWQKDVEKLLRNAGVKDCLKEWFSGIKEIKCG,150,27,7,211,58,0.18,0.033175355
212,SCEEAKNYIDKQLLPIVNKAGCGSAEEVQKDIEKALRNAGVKDCLKEWFSGIKEWKCG,371,24,15,187,58,0.064690027,0.080213904
216,SCDQIKNYIDKQLLPIVNKAGCGSAEEVQKDIEKLLRNAGVKDCLKEWFSGIKEWKCG,752,64,18,217,58,0.085106383,0.082949309
219,SCDQIKNYIDKQLLPIVNKAGCGSAEEVQKDVEKALRNAGVKDCLKEWFSGIKEWKCG,504,5,10,210,58,0.009920635,0.047619048
231,SCDERKNYIDKQLLPIVNKQSCGSAEEWQKDVEKLLRNAGVKDCLKEIFSGIKEIKCG,17,3,3,164,58,0.176470588,0.018292683
243,SCDSHKNYIDKQLLPIVNKAGCGSAEEVQKDLEKALRNAGVKDCLKEIFSGIKEIKCG,249,10,1,44,58,0.040160643,0.022727273
246,SCEEAKNYIDKQLLPIVNKAGCSRPEELEEMIRRALKKMGDTSCFDEILKGIKEIKCG,259,1,4092,56,58,0.003861004,73.07142857
248,SCDQIKNYIDKQLLPIVNKAGCGSAEEVQKDIEKALRNAGVKDCLKEWFSRIKEIKCG,432,5,2,89,58,0.011574074,0.02247191
254,SCDQIKNYIDKQLLPIVNKAGCGSAEEWQKDFEKALRNAGVKDCLKEWFSGIKEWKCG,513,3,12,172,58,0.005847953,0.069767442
269,SCEEEKNYIDKQLLPIVYKAGCGSAEEWQKDFEKALRNAGVKDCLKEFFSGIKEWKCG,76,9,3,15,58,0.118421053,0.2
276,SCDESKNYIDKQLLPIVNKAGCGSAEEWQKDVEKLLRNAGVKDCLKEWFSGIKEWKCG,27,1,1,267,58,0.037037037,0.003745318
286,SCDDLKNYIDKQLLPIVNKQSCGSAEEWQKDVEKLLRNAGVKDCLKEWFSGIKEIKCG,16,1,1,266,58,0.0625,0.003759398
288,SCDQIKNYIDKQLLPIVNKAGCGSAEEVQKDLEKALRNAGVKDCLKEIFSGIKEWKCG,445,42,65,77,58,0.094382022,0.844155844
304,SCDQIKNYIDKQLLPIVNKAGCGSAEEVQKDIEKALRNAGVKDCLKEFFSGIKEIKCG,329,27,5,49,58,0.082066869,0.102040816
311,PCDDAKNYIDKQLLPIVNKAGCSRPEELEERIRRALKKFGDTDCLKDILLGIKEWKCG,301,6,21202,114,58,0.019933555,185.9824561
316,SCDQIKNYIDKQLLPIVNKAGCGSAEEWQKDVEKLLRNAGVKDCLKEWFSGIKEIKCG,464,4,25,254,58,0.00862069,0.098425197
321,SCDEAKNYIDKQLLPIVNKAGCGSAEEVQKDIEKALRNAGVKDCLKEWFSGIKEWKCG,391,1,7,314,58,0.002557545,0.022292994
328,SCDQIKNYIDKQLLPIVNKAGCGSAEEWQKDVEKALRNAGVKDCLKEFFSGIKEFKCG,224,35,2,76,58,0.15625,0.026315789
329,SCDQIKNYIDKQLLPIVNKAGCGSAEEVQKDVEKALRNAGVKDCLKEFFSGIKEWKCG,366,4,2,65,58,0.010928962,0.030769231
337,PCDKQKNYIDKQLLPIVNKAGCGSAEEWQKDVEKLLRNAGVKDCLKEIFSGIKEWKCG,59,4,6,73,58,0.06779661,0.082191781
339,SCDQIKNYIDKQLLPIVNKAGCGSAEEWQKDFEKLLRNAGVKDCLKEWFSGIKEWKCG,336,1,1,164,58,0.00297619,0.006097561
340,PCEDLKNYIDKQLLPIVNKQSCGSAEEWQKDVEKLLRNAGVKDCLKEIFSGIKEWKCG,11,3,1,167,58,0.272727273,0.005988024
352,SCDENKNYIDKQLLPIVNKQSCGSAEEWQKDVEKLLRNAGVKDCLKEIFSGIKEWKCG,11,24,5,77,58,2.181818182,0.064935065
357,PCDDAKNYIDKQLLPIVNKAGCGSAEEVQKDIEKALRNAGVKDCLKEWFSGIKEWKCG,370,31,54,368,58,0.083783784,0.14673913
368,SCDQIKNYIDKQLLPIVNKAGCGSAEEWQKDWEKLLRNAGVKDCLKEIFSGIKEWKCG,298,1,1,52,58,0.003355705,0.019230769
374,SCDENKNYIDKQLLPIVNKAGCGSAEEVQKDIEKALRNAGVKDCLKEWFSRIKEFKCG,24,8,1,101,58,0.333333333,0.00990099
376,PCDDAKNYIDKQLLPIVNKAGCGSAEEVQKDIEKLLRNAGVKDCLKEWFSGIKEWKCG,299,10,10,166,58,0.033444816,0.060240964
382,SCDQIKNYIDKQLLPIVNKAGCGSAEEVQKDIEKALRNAGVKDCLKEWFSGIKEIKCG,473,10,10,136,58,0.021141649,0.073529412
383,SCDEAKNYIDKQLLPIVNKAGCGSAEEVQKDLEKALRNAGVKDCLKEIFSGIKEFKCG,417,1,44,83,58,0.002398082,0.530120482
385,SCDQIKNYIDKQLLPIVNKAGCGSAEEWQKDIEKLLRNAGVKDCLKEIFSGIKEFKCG,188,17,295,30,58,0.090425532,9.833333333
400,PCDDAKNYIDKQLLPIVNKAGCGSAEEWQKDLEKLLRNAGVKDCLKEWFSGIKEWKCG,163,7,1,127,58,0.042944785,0.007874016
416,SCDQIKNYIDKQLLPIVNKAGCGSAEEWQKDLEKLLRNAGVKDCLKEIFSGIKEIKCG,349,4,2,48,58,0.011461318,0.041666667
418,SCEEAKNYIDKQLLPIVNKAGCGSAEEVQKDIEKLLRNAGVKDCLKEIFSGIKEFKCG,307,24,53,58,58,0.078175896,0.913793103
421,SCDESKNYIDKQLLPIVNKAGCGSAEEVQKDIEKALRNAGVKDCLKEWFSRIKEFKCG,97,1,1,91,58,0.010309278,0.010989011
427,SCDEAKNYIDKQLLPIVNKAGCGSAEEWQKDVEKLLRNAGVKDCLKEWFSGIKEFKCG,119,2,103,171,58,0.016806723,0.602339181
440,SCEEAKNYIDKQLLPIVNKQSCGSAEEWQKDVEKLLRNAGVKDCLKEWFSGIKEIKCG,12,2,1,186,58,0.166666667,0.005376344
444,PCDDYKNYIDKQLLPIVNKAGCGSAEEVQKDWEKLLRNAGVKDCLKEIFSGIKEFKCG,220,5,2,58,58,0.022727273,0.034482759
453,SCDEAKNYIDKQLLPIVNKAGCGSAEEVQKDVEKLLRNAGVKDCLKEIFSGIKEIKCG,204,3,1,39,58,0.014705882,0.025641026
460,SCDEAKNYIDKQLLPIVNKAGCGSAEEVQKDLEKALRNAVVKDCLKEWFSRIKEIKCG,94,5,1,47,58,0.053191489,0.021276596
462,SCDQIKNYIDKQLLPIVNKAGCGSAEEWQKDIEKLLRNAGVKDCLKEFFSGIKEWKCG,110,3,2,64,58,0.027272727,0.03125
476,SCDESKNYIDKQLLPIVNKQSCGSAEEWQKDVEKLLRNAGVKDCLKEWFSRIKEFKCG,4,1,3,179,58,0.25,0.016759777
481,SCDENKNYIDKQLLPIVNKQSCGSAEEWQKDVEKLLRNAGVKDCLKEIFSGIKEFKCG,2,1,1,31,58,0.5,0.032258065
483,PCDKQKNYIDKQLLPIVNKAGCSRPEEVEERIRRALKKMGDTSCFDEIMKGLKEIKCG,257,39928,7268,59,58,155.3618677,123.1864407
484,SCDQIKNYIDKQLLPIVNKAGCGSAEEVQKDFEKALRNAGVKDCLKEWFSGIKEWKCG,214,1,4,90,58,0.004672897,0.044444444
496,SCDEAKNYIDKQLLPIVNKAGCGSAEEVQKDLEKLLRNAGVKDCLKEIFSGIKEWKCG,191,1,16,62,58,0.005235602,0.258064516
499,SCEEAKNYIDKQLLPIVNKAGCGSAEEVQKDIEKALRNAGVKDCLKEWFSRIKEFKCG,375,15,7,117,58,0.04,0.05982906
512,SCDQIKNYIDKQLLPIVNKAGCGSAEEWQKDVEKLLRNAGVKDCLKEIFSGIKEWKCG,310,16,180,103,58,0.051612903,1.747572816
515,SCDQIKNYIDKQLLPIVNKAGCGSAEEVQKDIEKLLRNAGVKDCLKEIFSGIKEIKCG,292,1764,87,52,58,6.04109589,1.673076923
519,SCEEAKNYIDKQLLPIVNKAGCGSAEEVQKDLEKALRNAGVKDCLKEWFSGIKEWKCG,172,6,10,125,58,0.034883721,0.08
520,PCDDAKNYIDKQLLPIVNKAGCGSAEEVQKDVEKLLRNAGVKDCLKEWFSGIKEWKCG,239,1,6,198,58,0.0041841,0.03030303
535,SCDQIKNYIDKQLLPIVNKAGCGSAEEVQKDIEKLLRNAGVKDCLKEWFSGIKEFKCG,377,23,7,67,58,0.061007958,0.104477612
537,PCEEVKNYIDKQLLPIVNKAGCNRPEDLERWIRKALKKWGDTSCLDEILKGVKEVKCG,304,2,278,71,58,0.006578947,3.915492958
538,SCDEEKNYIDKQLLPIVNKAGCGSAEEWQKDLEKALRNAGVKDCLKEFFSGIKEFKCG,1,46,2,47,58,46,0.042553191
542,PCDDAKNYIDKQLLPIVNKAGCGSAEEVQKDVEKALRNAGVKDCLKEWFSGIKEIKCG,209,2,5,68,58,0.009569378,0.073529412
545,SCDQIKNYIDKQLLPIVNKAGCGSAEEVQKDLEKALRNAGVKDCLKEIFSGIKEFKCG,374,54,13,50,58,0.144385027,0.26
551,TCENNKNYIDKQLLPIVNKAGCGSAEEVQKDLEKALRNAGVKDCLKEWFSGIKEWKCG,76,15,99,64,58,0.197368421,1.546875
556,SCDEAKNYIDKQLLPIVNKAGCGSAEEVQKDLEKALRNAGVKDCLKEWFSGIKEWKCG,244,5,4,134,58,0.020491803,0.029850746
565,SCDQIKNYIDKQLLPIVNKAGCGSAEEVQKDLEKALRNAGVKDCLKEWFSGIKEWKCG,458,26,37,203,58,0.056768559,0.18226601
568,SCDQIKNYIDKQLLPIVNKAGCGSAEEWQKDFEKLLRNAGVKDCLKEIFSGIKEIKCG,456,1,2,75,58,0.002192982,0.026666667
578,SCDQIKNYIDKQLLPIVNKAGCGSAEEVQKDLEKLLRNAGVKDCLKEWFSGIKEFKCG,351,2,3,59,58,0.005698006,0.050847458
597,PCDDAKNYIDKQLLPIVNKQSCGSAEEWQKDVEKLLRNAGVKDCLKEWFSRIKEIKCG,5,2,2,129,58,0.4,0.015503876
601,SCDQIKNYIDKQLLPIVNKAGCGSAEEVQKDIEKALRNAGVKDCLKEFFSGIKEWKCG,400,10,4,85,58,0.025,0.047058824
604,PCDKQKNYIDKQLLPIVNKAGCGSAEEVQKDIEKALRNAGVKDCLKEFFSGIKEWKCG,61,2,2,83,58,0.032786885,0.024096386
614,PCDDAKNYIDKQLLPIVNKAGCGSAEEWQKDVEKLLRNAGVKDCLKEWFSGIKEIKCG,95,2,5,155,58,0.021052632,0.032258065
617,PCDDAKNYIDKQLLPIVNKQSCGSAEEWQKDVEKLLRNAGVKDCLKEIFSGIKEIKCG,2,4,2,116,58,2,0.017241379
620,PCDKQKNYIDKQLLPIVNKAGCGSAEEVQKDIEKALRNAGVKDCLKEIFSGIKEIKCG,148,89,51,52,58,0.601351351,0.980769231
622,PCEDLKNYIDKQLLPIVNKQSCGSAEEVQKDIEKALRNAGVKDCLKEWFSRIKEFKCG,8,6,1,52,58,0.75,0.019230769
636,PCDKQKNYIDKQLLPIVNKAGCGSAEEVQKDVEKLLRNAGVKDCLKEWFSGIKEWKCG,106,4,1,157,58,0.037735849,0.006369427
638,PCDDLKNYIDKQLLPIVNKQSCGSAEEWQKDVEKLLRNAGVKDCLKEIFSGIKEWKCG,9,1,2,112,58,0.111111111,0.017857143
645,PCDDAKNYIDKQLLPIVNKAGCGSAEEFQKDLEKLLRNAGVKDCLKEWFSGIKEWKCG,181,1,1,95,58,0.005524862,0.010526316
653,SCDELKNYIDKQLLPIVNKAGCGSAEEVQKDIEKALRNAGVKDCLKEFFSGIKEFKCG,103,1,4,28,58,0.009708738,0.142857143
656,PCDKQKNYIDKQLLPIVNKAGCGSAEEVQKDIEKALRNAGVKDCLKEFFSGIKEFKCG,55,11,1,48,58,0.2,0.020833333
660,SCDEAKNYIDKQLLPIVNKAGCGSAEEVQKDVEKALRNAGVKDCLKEWFSGIKEIKCG,232,2,1,66,58,0.00862069,0.015151515
664,SCDQIKNYIDKQLLPIVNKAGCGSAEEWQKDVEKALRNAGVKDCLKEWFSGIKEWKCG,276,4,4,167,58,0.014492754,0.023952096
679,PCDDAKNYIDKQLLPIVNKAGCGSAEEWQKDVEKLLRNAGVKDCLKEFFSGIKEIKCG,130,9,2,43,58,0.069230769,0.046511628
689,SCDQIKNYIDKQLLPIVNKAGCGSAEEVQKDVEKLLRNAGVKDCLKEWFSGIKEIKCG,317,2,1,86,58,0.006309148,0.011627907
696,SCDQIKNYIDKQLLPIVNKAGCGSAEEVQKDIEKALRNAGVKDCLKEWFSRIKEWKCG,183,1,1,69,58,0.005464481,0.014492754
698,SCDQIKNYIDKQLLPIVNKAGCGSAEEWQKDLEKALRNAGVKDCLKEWFSGIKEWKCG,137,1,5,104,58,0.00729927,0.048076923
699,PCDKQKNYIDKQLLPIVNKAGCGSAEEVQKDIEKALRNAGVKDCLKEIFSGIKEWKCG,110,40,29,87,58,0.363636364,0.333333333
701,SCDQIKNYIDKQLLPIVNKAGCGSAEEWQKDWEKALRNAGVKDCLKEWFSGIKEWKCG,120,1,1,156,58,0.008333333,0.006410256
702,SCDQIKNYIDKQLLPIVNKAGCGSAEEFQKDVEKLLRNAGVKDCLKEFFSGIKEWKCG,149,1,1,40,58,0.006711409,0.025
705,PCDSLKNYIDKQLLPIVNKAGCGSAEEVQKDVEKALRNAGVKDCLKEIFSGIKEVKCG,247,49,107,39,58,0.198380567,2.743589744
708,PCDKQKNYIDKQLLPIVNKAGCGSAEEVQKDVEKLLRNAGVKDCLKEIFSGIKEFKCG,112,2,2,44,58,0.017857143,0.045454545
715,SCDQIKNYIDKQLLPIVNKQSCGSAEEWQKDVEKLLRNAGVKDCLKEFFSGIKEFKCG,9,3,7,91,58,0.333333333,0.076923077
720,SCDEAKNYIDKQLLPIVNKAGCGSAEEVQKDIEKLLRNAGVKDCLKEIFSGIKEIKCG,218,143,35,35,58,0.655963303,1
749,SCDQIKNYIDKQLLPIVNKAGCGSAEEVQKDVEKALRNAGVKDCLKEIFSGIKEWKCG,353,9,30,73,58,0.025495751,0.410958904
759,SCDESKNYIDKQLLPIVNKQSCGSAEEWQKDVEKLLRNAGVKDCLKEIFSGIKEWKCG,7,5,2,116,58,0.714285714,0.017241379
775,SCDEAKNYIDKQLLPIVNKAGCGSAEEVQKDIEKALRNAGVKDCLKEFFSGIKEWKCG,123,1,1,44,58,0.008130081,0.022727273
793,SCDQIKNYIDKQLLPIVNKAGCGSAEEWQKDWEKLLRNAGVKDCLKEWFSGIKEIKCG,136,2,2,47,58,0.014705882,0.042553191
794,PCDKQKNYIDKQLLPIVNKAGCSRPEEVEEMVRRALKKLGETPCLEDILRGIKEIKCG,161,7075,1081,30,58,43.94409938,36.03333333
812,SCDQIKNYIDKQLLPIVNKAGCGSAEEFQKDWEKLLRNAGVKDCLKEFFSGIKEWKCG,161,3,1,40,58,0.01863354,0.025
822,SCDEAKNYIDKQLLPIVNKAGCGSAEEVQKDLEKALRNAGVKDCLKEWFSGIKEFKCG,182,34,1,62,58,0.186813187,0.016129032
826,PCDDAKNYIDKQLLPIVNKAGCGSAEEVQKDIEKALRNAGVKDCLKEWFSGIKEFKCG,161,10,19,80,58,0.062111801,0.2375
832,SCDQIKNYIDKQLLPIVNKAGCGSAEEVQKDVEKLLRNAGVKDCLKEWFSGIKEFKCG,222,6,1,75,58,0.027027027,0.013333333
833,SCDQIKNYIDKQLLPIVNKAGCGSAEEWQKDFEKALRNAGVKDCLKEWFSGIKEFKCG,194,5,1,68,58,0.025773196,0.014705882
840,QCVSWKNYIDKQLLPIVNKAGCGSAEEVQKDIEKLLRNAGVKDCLKEWFSGIKEFKCG,203,2,1,36,58,0.009852217,0.027777778
843,PCDKQKNYIDKQLLPIVNKQSCGSAEEWQKDVEKLLRNAGVKDCLKEWFSGIKEIKCG,7,1,2,148,58,0.142857143,0.013513514
853,PCEKAKNYIDKQLLPIVNKAGCGSAEEFQKDFEKLLRNAGVKDCLKEWFSGIKEWKCG,150,1,2,52,58,0.006666667,0.038461538
854,SCDEAKNYIDKQLLPIVNKAGCGSAEEVQKDIEKLLRNAGVKDCLKEIFSGIKEFKCG,194,7,8,31,58,0.036082474,0.258064516
868,SCEEAKNYIDKQLLPIVNKAGCGSAEEVQKDIEKLLRNAGVKDCLKEWFSGIKEWKCG,161,2,8,73,58,0.01242236,0.109589041
910,SCDQIKNYIDKQLLPIVNKAGCGSAEEVQKDWEKALRNAGVKDCLKEWFSGIKEWKCG,102,18,1,98,58,0.176470588,0.010204082
926,PCDDAKNYIDKQLLPIVNKAGCGSAEEWQKDIEKLLRNAGVKDCLKEWFSGIKEWKCG,132,3,9,96,58,0.022727273,0.09375
932,PCDKQKNYIDKQLLPIVNKQSCGSAEEWQKDVEKLLRNAGVKDCLKEWFSGIKEFKCG,6,4,2,121,58,0.666666667,0.016528926
965,SCESAKNYIDKQLLPIVNKAGCGSAEEWQKDVEKLLRNAGVKDCLKEWFSGIKEWKCG,65,1,1,91,58,0.015384615,0.010989011
968,SCDQIKNYIDKQLLPIVNKAGCGSAEEFQKDWEKLLRNAGVKDCLKEWFSGIKEFKCG,190,1,1,43,58,0.005263158,0.023255814
978,SCDQIKNYIDKQLLPIVNKQSCGSAEEWQKDVEKLLRNAGVKDCLKEWFSRIKEIKCG,7,3,2,94,58,0.428571429,0.021276596
982,SCEEAKNYIDKQLLPIVNKAGCGSAEEWQKDVEKLLRNAGVKDCLKEWFSGIKEIKCG,76,2,3,92,58,0.026315789,0.032608696
993,SCDEAKNYIDKQLLPIVNKQSCGSAEEWQKDVEKLLRNAGVKDCLKEIFSGIKEWKCG,9,1,2,168,58,0.111111111,0.011904762
997,SCDQIKNYIDKQLLPIVNKAGCGSAEEVQKDLEKALRNAGVKDCLKEWFSGIKEFKCG,269,13,4,73,58,0.048327138,0.054794521
1000,PCDDAKNYIDKQLLPIVNKAGCSRPEEVERAVRKMLKKMGNTDCLEDILRGIKEIKCG,143,6005,2578,29,58,41.99300699,88.89655172
1008,SCDQIKNYIDKQLLPIVNKAGCGSAEEVQKDLEKALRNAGVKDCLKEFFSGIKEWKCG,232,5,3,60,58,0.021551724,0.05
1027,SCDQIKNYIDKQLLPIVNKAGCGSAKEVQKDIEKALRNAGVKDCLEDILRGIKEWKCG,181,12512,2630,37,58,69.12707182,71.08108108
1031,PCDDYKNYIDKQLLPIVNKQSCGSAEEWQKDVEKLLRNAGVKDCLKEIFSGIKEWKCG,4,1,7,64,58,0.25,0.109375
1037,SCDQIKNYIDKQLLPIVNKAGCGSAKEVLKDFEKALRNAGSKDCLKEIFSGIKEIKCG,161,14,123,23,58,0.086956522,5.347826087
1046,SCDQIKNYIDKQLLPIVNKAGCGSAEEVQKDVEKALRNAGVKDCLKEWFSGIKEIKCG,234,10,7,55,58,0.042735043,0.127272727
1048,SCDQIKNYIDKQLLPIVNKAGCGSAEEVQKDLEKALRNAGVKDCLKEWFSGIKEIKCG,408,10,3,69,58,0.024509804,0.043478261
1059,SCDQIKNYIDKQLLPIVNKAGCGSAEEVQKDIEKLLRNAGVKDCLKEIFSGIKEWKCG,206,966,185,32,58,4.689320388,5.78125
1062,SCDQIKNYIDKQLLPIVNKAGCGSAEEVQKDIEKLLRNAGVKDCLKEIFSGIKEVKCG,101,20,12,12,58,0.198019802,1
1087,SCDQIKNYIDKQLLPIVNKAGCGSAEEVQKDIEKLLRNAGVKDCLKEWFSGIKEIKCG,258,23,5,33,58,0.089147287,0.151515152
1095,PCDDAKNYIDKQLLPIVNKAGCGSAEEVQKDLEKALRNAGVKDCLKEWFSGIKEWKCG,149,1,25,108,58,0.006711409,0.231481481
1097,SCDQIKNYIDKQLLPIVNKQSCGSAEEVQKDIEKALRNAGVKDCLKEWFSRIKEFKCG,4,2,1,34,58,0.5,0.029411765
1098,PCDKQKNYIDKQLLPIVNKAGCGSAEEWQKDVEKLLRNAGVKDCLKEWFSGIKEIKCG,37,5,2,116,58,0.135135135,0.017241379
1101,SCDQIKNYIDKQLLPIVNKAGCGSAEEVQKDIEKALRNAGVKDCLKEIFSGIKEWKCG,360,103,183,79,58,0.286111111,2.316455696
1110,SCDEAKNYIDKQLLPIVNKAGCGSAEEVQKDWEKLLRNAGVKDCLKEWFSGIKEWKCG,90,1,1,79,58,0.011111111,0.012658228
1120,PCDDAKNYIDKQLLPIVNKAGCGSAEEWQKDWEKALRNAGVKDCLKEWFSGIKEWKCG,25,2,1,69,58,0.08,0.014492754
1125,SCEEAKNYIDKQLLPIVNKAGCGSAEEWQKDIEKLLRNAGVKDCLKEWFSGIKEWKCG,91,1,7,68,58,0.010989011,0.102941176
1126,PCDDAKNYIDKQLLPIVNKQSCGSAEEVQKDIEKALRNAGVKDCLKEWFSRIKEFKCG,5,2,3,34,58,0.4,0.088235294
1127,SCEEAKNYIDKQLLPIVNKAGCGSAEEWQKDVEKLLRNAGVKDCLKEWFSGIKEFKCG,57,2,15,90,58,0.035087719,0.166666667
1128,PCDDAKNYIDKQLLPIVNKAGCGSAEEWQKDVEKLLRNAGVKDCLKEWFSGIKEFKCG,92,1,38,157,58,0.010869565,0.242038217
1146,SCEEAKNYIDKQLLPIVNKAGCGSAEEVQKDLEKALRNAGVKDCLKEWFSGIKEFKCG,226,3,1,68,58,0.013274336,0.014705882
1147,SCDQIKNYIDKQLLPIVNKAGCGSAEEVQKDWEKALRNAGVKDCLKEFFSGIKEFKCG,114,5,6,35,58,0.043859649,0.171428571
1160,SCDQIKNYIDKQLLPIVNKAGCGSAEEVQKDVEKALRNAGVKDCLKEIFSGIKEIKCG,193,6,22,41,58,0.031088083,0.536585366
1169,PCDDAKNYIDKQLLPIVNKAGCGSAEEWQKDVEKALRNAGVKDCLKEWFSGIKEIKCG,65,6,2,44,58,0.092307692,0.045454545
1176,PCDDNKNYIDKQLLPIVNKAGCGSAEEWQKDVEKALRNAGVKDCLKEWFSGIKEFKCG,11,1,4,36,58,0.090909091,0.111111111
1190,SCDEHKNYIDKQLLPIVNKAGCGSAEEVQKDWEKLLRNAGVKDCLKEIFSGIKEFKCG,24,6,1,12,58,0.25,0.083333333
1191,PCDKQKNYIDKQLLPIVNKAGCGSAEEVQKDIEKALRNAGVKDCLKEFFSGIKEIKCG,77,5,1,44,58,0.064935065,0.022727273
1205,SCDQIKNYIDKQLLPIVNKAGCGSAEEWQKDIEKLLRNAGVKDCLKEWFSGIKEFKCG,179,1,50,47,58,0.005586592,1.063829787
1211,SCDEAKNYIDKQLLPIVNKAGCGSAEEVQKDVEKLLRNAGVKDCLKEFFSGIKEIKCG,76,1,2,20,58,0.013157895,0.1
1216,SCDQIKNYIDKQLLPIVNKAGCGSAEEVQKDIEKALRNAGVKDCLKEFFSGIKEFKCG,266,34,7,45,58,0.127819549,0.155555556
1258,PCDDLKNYIDKQLLPIVNKAGCGSAEEVQKDIEKLLRNAGVKDCLKEIFSGIKEIKCG,164,8,1,31,58,0.048780488,0.032258065
1261,PCEDLKNYIDKQLLPIVNKQSCGSAEEWQKDVEKLLRNAGVKDCLKEIFSGIKEIKCG,10,7,1,63,58,0.7,0.015873016
1266,SCEEAKNYIDKQLLPIVNKAGCGSAEEVQKDVEKLLRNAGVKDCLKEWFSGIKEIKCG,101,1,1,44,58,0.00990099,0.022727273
1282,PCDDAKNYIDKQLLPIVNKQSCGSAEEWQKDVEKLLRNAGVKDCLKEIFSGIKEWKCG,10,4,3,166,58,0.4,0.018072289
1296,PCDSLKNYIDKQLLPIVNKQSCGSAEEWQKDVEKLLRNAGVKDCLKEWFSGIKEWKCG,18,2,2,131,58,0.111111111,0.015267176
1306,PCDKQKNYIDKQLLPIVNKAGCGSAEEVQKDIEKLLRNAGVKDCLKEWFSGIKEFKCG,55,8,3,31,58,0.145454545,0.096774194
1365,SCDQIKNYIDKQLLPIVNKAGCGSAEEWQKDLEKALRNAGVKDCLKEFFSGIKEFKCG,64,12,3,18,58,0.1875,0.166666667
1369,SCDQIKNYIDKQLLPIVNKAGCGSAEEWQKDIEKLLRNAGVKDCLKEWFSGIKEIKCG,147,2,4,70,58,0.013605442,0.057142857
1381,SCDQIKNYIDKQLLPIVNKAGCGSAEEWQKDLEKALRNAGVKDCLKEFFSGIKEIKCG,61,2,4,19,58,0.032786885,0.210526316
1387,SCDDLKNYIDKQLLPIVNKQSCGSAEEWQKDVEKLLRNAGVKDCLKEIFSGIKEWKCG,11,1,2,72,58,0.090909091,0.027777778
1403,SCDQIKNYIDKQLLPIVNKAGCGSAEEFQKDVEKLLRNAGVKDCLKEWFSGIKEFKCG,142,1,1,45,58,0.007042254,0.022222222
1415,PCDDAKNYIDKQLLPIVNKAGCGSAEEVQKDIEKALRNAGVKDCLKEWFSGIKEIKCG,174,5,22,83,58,0.028735632,0.265060241
1429,SCEEAKNYIDKQLLPIVNKAGCSRPEELEERIRRALKKFGDTDCLKDILLGIKEWKCG,110,2,7840,32,58,0.018181818,245
1446,SCDEAKNYIDKQLLPIVNKAGCGSAEEVQKDIEKLLRNAGVKDCLKEWFSGIKEWKCG,253,5,4,133,58,0.019762846,0.030075188
1449,PCDDNKNYIDKQLLPIVNKAGCGSAEEWQKDWEKLLRNAGVKDCLKEWFSGIKEWKCG,7,1,1,24,58,0.142857143,0.041666667
1450,PCDDNKNYIDKQLLPIVNKQSCGSAEEWQKDVEKLLRNAGVKDCLKEIFSGIKEIKCG,3,1,1,23,58,0.333333333,0.043478261
1456,PCDDAKNYIDKQLLPIVNKAGCGSAEEVQKDIEKALRNAGVKDCLKEWFSRIKEIKCG,157,3,7,46,58,0.01910828,0.152173913
1464,SCDQIKNYIDKQLLPIVNKAGCGSAEEVQKDFEKLLRNAGVKDCLKEWFSGIKEWKCG,163,2,2,55,58,0.012269939,0.036363636
1485,SCDQIKNYIDKQLLPIVNKAGCGSAEEVQKDVEKLLRNAGVKDCLKEIFSGIKEIKCG,138,7,8,23,58,0.050724638,0.347826087
1500,SCDQIKNYIDKQLLPIVNKAGCGSAEEWQKDIEKALRNAGVKDCLKEWFSGIKEFKCG,130,5,5,40,58,0.038461538,0.125
1528,SCEEAKNYIDKQLLPIVNKAGCGSAEEWQKDVEKALRNAGVKDCLKEIFSGIKEWKCG,88,1,2,25,58,0.011363636,0.08
1537,SCDQIKNYIDKQLLPIVNKAGCGSAEEFQKDFEKLLRNAGVKDCLKEIFSGIKEFKCG,104,3,1,12,58,0.028846154,0.083333333
1538,SCDSYKNYIDKQLLPIVNKAGCGSAEEVQKDIEKLLRNAGVKDCLKEIFSGIKEWKCG,97,28,734,24,58,0.288659794,30.58333333
1542,SCEEAKNYIDKQLLPIVNKAGCGSAEEVQKDIEKALRNAGVKDCLKEWFSGIKEFKCG,120,5,7,48,58,0.041666667,0.145833333
1551,SCDDLKNYIDKQLLPIVNKQSCGSAEEWQKDVEKLLRNAGVKDCLKEWFSGIKEVKCG,2,1,1,56,58,0.5,0.017857143
1554,SCDEAKNYIDKQLLPIVNKAGCGSAEEVQKDIEKALRNAGVKDCLKEWFSGIKEIKCG,132,1,4,73,58,0.007575758,0.054794521
1556,PCDDNKNYIDKQLLPIVNKAGCGSAEEWQKDVEKALRNAGVKDCLKEWFSGIKEWKCG,9,1,2,52,58,0.111111111,0.038461538
1560,PCDKQKNYIDKQLLPIVNKAGCGSAEEVQKDWEKALRNAGVKDCLKEWFSGIKEWKCG,17,5,1,65,58,0.294117647,0.015384615
1570,SCDEAKNYIDKQLLPIVNKAGCGSAEEVQKDIEKALRNAGVKDCLKEWFSGIKEFKCG,170,1,3,92,58,0.005882353,0.032608696
1578,PCDKSKNYIDKQLLPIVNKAGCGSAEEVQKDIEKLLRNAGVKDCLKEIFSGIKEWKCG,47,2,1,15,58,0.042553191,0.066666667
1615,SCDQIKNYIDKQLLPIVNKAGCGSAEEVQKDVEKALRNAGVKDCLKEIFSGIKEFKCG,244,5,30,27,58,0.020491803,1.111111111
1621,SCDQIKNYIDKQLLPIVNKQSCGSAEEWQKDVEKLLRNAGVKDCLKEIFSGIKEIKCG,12,4,3,58,58,0.333333333,0.051724138
1626,SCDESKNYIDKQLLPIVNKQSCGSAEEWQKDVEKLLRNAGVKDCLKEIFSGIKEIKCG,5,2,1,55,58,0.4,0.018181818
1653,SCDQIKNYIDKQLLPIVNKQSCGSAEEWQKDVEKLLRNAGVKDCLKEIFSGIKEWKCG,18,12,6,122,58,0.666666667,0.049180328
1659,PCDKQKNYIDKQLLPIVNKAGCGSAEEVQKDIEKALRNAGVKDCLKEIFSGIKEFKCG,61,16,6,34,58,0.262295082,0.176470588
1676,PCDDAKNYIDKQLLPIVNKAGCGSAEEVQKDIEKLLRNAGVKDCLKEWFSGIKEFKCG,85,3,6,20,58,0.035294118,0.3
1696,SCDQIKNYIDKQLLPIVNKAGCGSAEEWQKDVEKALRNAGVKDCLKEWFSGIKEFKCG,212,2,4,58,58,0.009433962,0.068965517
1703,PCDDAKNYIDKQLLPIVNKAGCGSAEEFQKDLEKALRNAGVKDCLKEWFSGIKEWKCG,51,1,7,57,58,0.019607843,0.122807018
1710,SCDQIKNYIDKQLLPIVNKAGCGSAEEWQKDVEKLLRNAGVKDCLKEFFSGIKEFKCG,112,3,8,50,58,0.026785714,0.16
1714,SCDEAKNYIDKQLLPIVNKAGCGSAEEVQKDLEKALRNAGVKDCLKEIFSGIKEWKCG,126,2,11,40,58,0.015873016,0.275
1726,SCDEAKNYIDKQLLPIVNKAGCGSAEEVQKDVEKLLRNAGVKDCLKEIFSGIKEWKCG,128,2,1,28,58,0.015625,0.035714286
1783,SCDQIKNYIDKQLLPIVNKAGCGSAEEVQKDVEKLLRNAGVKDCLKEIFSGIKEWKCG,213,5,2,39,58,0.023474178,0.051282051
1801,SCEEAKNYIDKQLLPIVNKQSCGSAEEWQKDVEKLLRNAGVKDCLKEIFSGIKEWKCG,4,4,2,44,58,1,0.045454545
1814,PCDKQKNYIDKQLLPIVNKAGCGSAEEWQKDLEKALRNAGVKDCLKEWFSGIKEWKCG,23,2,2,51,58,0.086956522,0.039215686
1864,PCEKAKNYIDKQLLPIVNKAGCGSAEEFQKDVEKALRNAGVKDCLKEIFSGIKEVKCG,45,1,102,10,58,0.022222222,10.2
1869,SCDQIKNYIDKQLLPIVNKAGCGSAEEVQKDIEKLLRNAGVKDCLKEWFSRIKEFKCG,124,4,2,23,58,0.032258065,0.086956522
1871,SCDQIKNYIDKQLLPIVNKAGCGSAEEVQKDVEKLLRNAGVKDCLKEFFSGIKEWKCG,253,1,2,45,58,0.003952569,0.044444444
1874,PCDKQKNYIDKQLLPIVNKAGCGSAEEVQKDIEKLLRNAGVKDCLKEFFSGIKEFKCG,17,17,1,9,58,1,0.111111111
1909,PCDKQKNYIDKQLLPIVNKAGCGSAEEVQKDIEKLLRNAGVKDCLKEWFSGIKEIKCG,74,1,1,47,58,0.013513514,0.021276596
1918,SCDEAKNYIDKQLLPIVNKAGCGSAEEWQKDVEKLLRNAGVKDCLKEIFSGIKEWKCG,92,2,13,60,58,0.02173913,0.216666667
1920,PCDDAKNYIDKQLLPIVNKAGCGSAEEWQKDVEKLLRNAGVKDCLKEIFSGIKEWKCG,67,1,26,53,58,0.014925373,0.490566038
1930,PCDKQKNYIDKQLLPIVNKAGCGSAEEVQKDIEKLLRNAGVKDCLKEFFSGIKEWKCG,21,4,1,10,58,0.19047619,0.1
1939,SCEEAKNYIDKQLLPIVNKAGCGSAEEVQKDIEKLLRNAGVKDCLKEIFSGIKEWKCG,94,150,50,24,58,1.595744681,2.083333333
1943,SCDQIKNYIDKQLLPIVNKAGCGSAEEWQKDLEKALRNAGVKDCLKEFFSGIKEWKCG,78,1,8,25,58,0.012820513,0.32
1952,PCDDAKNYIDKQLLPIVNKAGCGSAEEVQKDWEKALRNAGVKDCLKEWFSGIKEWKCG,32,1,1,54,58,0.03125,0.018518519
1968,PCDDAKNYIDKQLLPIVNKAGCGSAEEVQKDIEKALRNAGVKDCLKEFFSGIKEFKCG,81,10,9,30,58,0.12345679,0.3
1970,SCDQIKNYIDKQLLPIVNKAGCGSAEEWQKDVEKLLRNAGVKDCLKEIFSGIKEIKCG,167,2,92,52,58,0.011976048,1.769230769
1975,SCEEAKNYIDKQLLPIVNKAGCGSAEEVQKDIEKLLRNAGVKDCLKEIFSGIKEIKCG,112,177,15,21,58,1.580357143,0.714285714
1980,PCDDYKNYIDKQLLPIVNKAGCGSAEEVQKDVEKALRNAGVKDCLKEWFSGIKEWKCG,53,1,1,39,58,0.018867925,0.025641026
1985,SCEEAKNYIDKQLLPIVNKAGCGSAEEVQKDVEKALRNAGVKDCLKEIFSGIKEFKCG,84,1,6,11,58,0.011904762,0.545454545
1993,SCEEIKNYIDKQLLPIVNKAGCNRPEEVKEWFLRALKKMGDTSCFDEILKGVKEIKCG,105,3114,78,13,58,29.65714286,6
2000,SCDQIKNYIDKQLLPIVNKAGCGSAEEVQKDWEKLLRNAGVKDCLKEWFSGIKEWKCG,174,1,1,72,58,0.005747126,0.013888889
2015,PCDKQKNYIDKQLLPIVNKAGCGSAEEVQKDLEKLLRNAGVKDCLKEWFSGIKEWKCG,49,4,1,61,58,0.081632653,0.016393443
2025,PCDDAKNYIDKQLLPIVNKAGCGSAEEVQKDIEKLLRNAGVKDCLKEWFSGIKEIKCG,107,2,1,30,58,0.018691589,0.033333333
2042,SCDQIKNYIDKQLLPIVNKAGCGSAEEFQKDLEKALRNAGVKDCLKEFFSGIKEWKCG,93,1,1,30,58,0.010752688,0.033333333
2049,PCDDNKNYIDKQLLPIVNKAGCSRPEEVEEMVRRALKKLGETPCLEDILRGIKEIKCG,20,6,1,5,58,0.3,0.2
2058,SCDEAKNYIDKQLLPIVNKAGCGSAEEVQKDIEKLLRNAGVKDCLKEIFSGIKEWKCG,120,42,32,30,58,0.35,1.066666667
2061,SCDQIKNYIDKQLLPIVNKAGCGSAEEFQKDVEKALRNAGVKDCLKEWFSGIKEFKCG,79,1,1,35,58,0.012658228,0.028571429
2076,SCDQIKNYIDKQLLPIVNKAGCGSAEEVQKDLEKLLRNAGVKDCLKEWFSGIKEIKCG,140,1,1,34,58,0.007142857,0.029411765
2077,SCDEAKNYIDKQLLPIVNKAGCGSAEEWQKDVEKLLRNAGVKDCLKEIFSGIKEFKCG,82,1,13,45,58,0.012195122,0.288888889
2092,SCDEAKNYIDKQLLPIVNKAGCSRPEELEERIRRALKKFGDTDCLKDILLGIKEWKCG,155,1,4710,38,58,0.006451613,123.9473684
2098,SCEEAKNYIDKQLLPIVNKAGCGSAEEVQKDIEKLLRNAGVKDCLKEWFSGIKEFKCG,80,3,4,20,58,0.0375,0.2
2132,SCDQIKNYIDKQLLPIVNKAGCGSAEEVQKDVEKALRNAGVKDCLKEFFSGIKEIKCG,109,2,1,26,58,0.018348624,0.038461538
2147,SCDQIKNYIDKQLLPIVNKAGCGSAEEVQKDIEKALRNAGVKDCLKEIFSGIKEIKCG,207,258,248,34,58,1.246376812,7.294117647
2164,SCDDLKNYIDKQLLPIVNKAGCGSAEEVQKDFEKALRNAGVKDCLKEIFSGIKEWKCG,54,2,1,5,58,0.037037037,0.2
2187,PCDDAKNYIDKQLLPIVNKAGCGSAEEVQKDIEKALRNAGVKDCLKEIFSGIKEWKCG,108,137,229,40,58,1.268518519,5.725
2206,SCDEMKNYIDKQLLPIVNKAGCGSAEEFQKDIEKALRNAGVKDCLKEIFSGIKEFKCG,59,1,8,15,58,0.016949153,0.533333333
2210,PCDDAKNYIDKQLLPIVNKAGCGSAEEVQKDIEKALRNAGVKDCLKEIFSGIKEIKCG,158,965,1351,32,58,6.107594937,42.21875
2242,SCDQIKNYIDKQLLPIVNKAGCGSAEEFQKDVEKALRNAGVKDCLKEFFSGIKEFKCG,23,1,3,18,58,0.043478261,0.166666667
2260,PCDSLKNYIDKQLLPIVNKAGCGSAEEVQKDVEKALRNAGVKDCLKEWFSGIKEWKCG,44,2,7,34,58,0.045454545,0.205882353
2264,PCDDAKNYIDKQLLPIVNKAGCGSAEEVQKDIEKLLRNAGVKDCLKEIFSGIKEIKCG,73,118,27,18,58,1.616438356,1.5
2273,SCDEAKNYIDKQLLPIVNKAGCGSAEEVQKDIEKALRNAGVKDCLKEIFSGIKEWKCG,137,5,16,46,58,0.03649635,0.347826087
2291,SCDQIKNYIDKQLLPIVNKAGCGSAEEVQKDIEKLLRNAGVKDCLKEFFSGIKEIKCG,90,11,6,11,58,0.122222222,0.545454545
2308,SCDEAKNYIDKQLLPIVNKAGCGSAEEVQKDIEKALRNAGVKDCLKEFFSGIKEFKCG,73,1,2,27,58,0.01369863,0.074074074
2309,SCDQIKNYIDKQLLPIVYKAGCGSAEEVQKDIEKLLRNAGVKDCLKEWFSGIKEWKCG,10,2,9,1,58,0.2,9
2311,SCDQIKNYIDKQLLPIVNKAGCGSAEEWQKDIEKLLRNAGVKDCLKEIFSGIKEWKCG,171,7,59,26,58,0.040935673,2.269230769
2329,PCDDAKNYIDKQLLPIVNKAGCGSAEEVQKDLEKLLRNAGVKDCLKEIFSGIKEWKCG,75,28,3,14,58,0.373333333,0.214285714
2340,PCDDAKNYIDKQLLPIVNKAGCGSAEEVQKDIEKALRNAGVKDCLKEFFSGIKEWKCG,110,2,5,45,58,0.018181818,0.111111111
2347,SCDQIKNYIDKQLLPIVNKAGCGSAEEFQKDIEKALRNAGVKDCLKEIFSGIKEIKCG,130,5,1,14,58,0.038461538,0.071428571
2348,SCDQIKNYIDKQLLPIVNKAGCGSAEEFQKDVEKLLRNAGVKDCLKEIFSGIKEWKCG,98,2,9,19,58,0.020408163,0.473684211
2352,SCEEAKNYIDKQLLPIVNKAGCGSAEEVQKDIEKLLRNAGVKDCLKEFFSGIKEFKCG,47,14,2,13,58,0.29787234,0.153846154
2358,SCEEAKNYIDKQLLPIVNKAGCGSAEEVQKDIEKALRNAGVKDCLKEWFSGIKEIKCG,94,5,5,30,58,0.053191489,0.166666667
2380,PCDDAKNYIDKQLLPIVNKAGCGSAEEVQKDIEKALRNAGVKDCLKEFFSGIKEIKCG,47,1,7,12,58,0.021276596,0.583333333
2402,PCDKQKNYIDKQLLPIVNKAGCGSAEEWQKDVEKLLRNAGVKDCLKEIFSGIKEIKCG,22,2,3,23,58,0.090909091,0.130434783
2455,PCDKQKNYIDKQLLPIVNKAGCGSAEEWQKDVEKALRNAGVKDCLKEIFSGIKEIKCG,15,5,5,11,58,0.333333333,0.454545455
2458,SCDEAKNYIDKQLLPIVNKAGCGSAEEVQKDLEKALRNAGVKDCLKEIFSGIKEIKCG,105,7,4,26,58,0.066666667,0.153846154
2485,SCDQIKNYIDKQLLPIVNKAGCGSAEEVQKDFEKLLRNAGVKDCLKEFFSGIKEIKCG,37,1,2,5,58,0.027027027,0.4
2563,PCDKQKNYIDKQLLPIVNKAGCGSAEEVQKDVEKLLRNAGVKDCLKEIFSGIKEWKCG,28,3,1,10,58,0.107142857,0.1
2571,SCDQIKNYIDKQLLPIVNKAGCGSAEEVQKDIEKALRNAGVKDCLKEIFSGIKEFKCG,195,37,36,27,58,0.18974359,1.333333333
2577,SCEEAKNYIDKQLLPIVNKAGCGSAEEVQKDIEKALRNAGVKDCLKEFFSGIKEFKCG,84,6,6,13,58,0.071428571,0.461538462
2592,SCDQIKNYIDKQLLPIVNKAGCGSAEEWQKDFEKALRNAGVKDCLKEIFSGIKEIKCG,99,7,7,6,58,0.070707071,1.166666667
2615,SCEEAKNYIDKQLLPIVNKAGCGSAEEVQKDVEKALRNAGVKDCLKEWFSGIKEFKCG,51,1,2,19,58,0.019607843,0.105263158
2620,PCDDAKNYIDKQLLPIVNKAGCGSAEEWQKDVEKLLRNAGVKDCLKEFFSGIKEFKCG,28,1,3,47,58,0.035714286,0.063829787
2690,PCDKQKNYIDKQLLPIVNKAGCGSAEEVQKDVEKALRNAGVKDCLKEIFSGIKEWKCG,14,2,4,20,58,0.142857143,0.2
2700,SCDQIKNYIDKQLLPIVNKAGCGSAEEWQKDLEKLLRNAGVKDCLKEIFSGIKEFKCG,101,2,1,21,58,0.01980198,0.047619048
2726,SCDQIKNYIDKQLLPIVNKAGCGSAEEVQKDIEKALRNAGVKDCLKEWFSGIKEVKCG,24,1,1,15,58,0.041666667,0.066666667
2741,PCDKQKNYIDKQLLPIVNKAGCGSAEEVQKDIEKLLRNAGVKDCLKEIFSGIKEIKCG,34,176,7,13,58,5.176470588,0.538461538
2751,SCDQIKNYIDKQLLPIVNKAGCGSAEEWQKDIEKLLRNAGVKDCLKEIFSGIKEIKCG,86,4,41,14,58,0.046511628,2.928571429
2767,SCDQIKNYIDKQLLPIVNKAGCGSAEEWQKDLEKLLRNAGVKDCLKEIFSGIKEWKCG,169,3,2,32,58,0.017751479,0.0625
2775,SCEEAKNYIDKQLLPIVNKAGCGSAEEVQKDIEKLLRNAGVKDCLKEWFSGIKEIKCG,75,6,2,24,58,0.08,0.083333333
2778,SCDQIKNYIDKQLLPIVNKAGCGSAEEVQKDVEKLLRNAGVKDCLKEFFSGIKEFKCG,109,2,3,24,58,0.018348624,0.125
2781,PCDDAKNYIDKQLLPIVNKAGCSRPEEVEEMVRRALKKLGETPCLEDILRGIKEIKCG,66,397,200,14,58,6.015151515,14.28571429
2782,SCDQIKNYIDKQLLPIVNKAGCGSAEEFQKDIEKALRNAGVKDCLKEFFSGIKEWKCG,66,1,2,22,58,0.015151515,0.090909091
2787,SCDQIKNYIDKQLLPIVNKAGCGSAEEWQKDLEKALRNAGVKDCLKEIFSGIKEWKCG,111,1,5,16,58,0.009009009,0.3125
2842,SCDQIKNYIDKQLLPIVNKAGCGSAEEWQKDIEKALRNAGVKDCLKEIFSGIKEFKCG,120,1,11,26,58,0.008333333,0.423076923
2846,SCDEMKNYIDKQLLPIVNKAGCGSAEEFQKDIEKALRNAGVKDCLKEIFSGIKEIKCG,71,1,4,15,58,0.014084507,0.266666667
2849,SCEEAKNYIDKQLLPIVNKAGCGSAEEWQKDVEKLLRNAGVKDCLKEIFSGIKEWKCG,67,4,10,24,58,0.059701493,0.416666667
2874,PCDKQKNYIDKQLLPIVNKAGCGSAEEWQKDLEKLLRNAGVKDCLKEWFSGIKEIKCG,16,1,1,19,58,0.0625,0.052631579
2891,SCDQIKNYIDKQLLPIVNKAGCGSAEEVQKDLEKLLRNAGVKDCLKEIFSRIKEIKCG,68,4,1,15,58,0.058823529,0.066666667
2960,SCDQIKNYIDKQLLPIVNKAGCGSAEEVQKDLEKALRNAGVKDCLKEIFSGIKEIKCG,234,61,6,23,58,0.260683761,0.260869565
2979,PCDDAKNYIDKQLLPIVNKAGCGSAEEVQKDLEKALRNAGVKDCLKEIFSGIKEWKCG,53,5,8,28,58,0.094339623,0.285714286
3019,PCDDLKNYIDKQLLPIVNKAGCGSAEEVQKDIEKLLRNAGVKDCLKEIFSGIKEWKCG,64,7,1,15,58,0.109375,0.066666667
3031,SCDQIKNYIDKQLLPIVNKAGCGSAEEVQKDIEKLLRNAGVKDCLKEFFSGIKEFKCG,97,49,4,13,58,0.505154639,0.307692308
3078,SCEEAKNYIDKQLLPIVNKAGCGSAEEWQKDVEKLLRNAGVKDCLKEFFSGIKEIKCG,17,2,1,13,58,0.117647059,0.076923077
3109,SCDESKNYIDKQLLPIVNKAGCDRPEDVERWIRKALKKMGDTSCFDEILKGLKEIKCG,10,918,305,1,58,91.8,305
3132,SCESAKNYIDKQLLPIVNKAGCGSAEEVQKDIEKALRNAGVKDCLKEWFSRIKEFKCG,42,1,1,17,58,0.023809524,0.058823529
3219,SCEEAKNYIDKQLLPIVNKAGCGSAEEWQKDVEKALRNAGVKDCLKEWFSGIKEWKCG,52,2,1,64,58,0.038461538,0.015625
3221,SCDEAKNYIDKQLLPIVNKAGCGSAEEWQKDIEKLLRNAGVKDCLKEIFSGIKEWKCG,55,1,2,23,58,0.018181818,0.086956522
3240,SCDEAKNYIDKQLLPIVNKAGCGSAEEVQKDIEKALRNAGVKDCLKEIFSGIKEIKCG,94,13,34,24,58,0.138297872,1.416666667
3271,SCDQIKNYIDKQLLPIVNKAGCGSAEEVQKDIEKLLRNAGVKDCLKEWFSRIKEWKCG,57,1,2,9,58,0.01754386,0.222222222
3287,SCEEAKNYIDKQLLPIVNKAGCGSAEEVQKDVEKALRNAGVKDCLKEWFSGIKEIKCG,84,5,1,30,58,0.05952381,0.033333333
3289,SCEEAKNYIDKQLLPIVNKAGCGSAEEVQKDIEKALRNAGVKDCLKEFFSGIKEWKCG,71,2,1,23,58,0.028169014,0.043478261
3305,SCDQIKNYIDKQLLPIVNKAGCGSAEEVQKDVEKLLRNAGVKDCLKEIFSGIKEFKCG,139,1,4,27,58,0.007194245,0.148148148
3329,PCDDAKNYIDKQLLPIVNKAGCGSAEEVQKDLEKALRNAGVKDCLKEIFSGIKEIKCG,44,6,6,13,58,0.136363636,0.461538462
3342,SCDQIKNYIDKQLLPIVNKAGCGSAEEWQKDFEKALRNAGVKDCLKEIFSGIKEFKCG,60,2,2,5,58,0.033333333,0.4
3343,PCDDAKNYIDKQLLPIVNKAGCGSAEEWQKDVEKALRNAGVKDCLKEIFSGIKEWKCG,45,4,2,23,58,0.088888889,0.086956522
3348,SCEEAKNYIDKQLLPIVNKAGCGSAEEWQKDIEKLLRNAGVKDCLKEIFSGIKEIKCG,13,2,4,2,58,0.153846154,2
3398,SCDQIKNYIDKQLLPIVNKAGCSRPEEVEEMVRRALKKLGETPCLEDILRGIKEIKCG,261,2680,454,29,58,10.26819923,15.65517241
3399,PCDKQKNYIDKQLLPIVNKAGCGSAEEWQKDLEKLLRNAGVKDCLKEWFSGIKEWKCG,33,12,1,53,58,0.363636364,0.018867925
3409,SCDQIKNYIDKQLLPIVNKAGCGSAEEFQKDLEKALRNAGVKDCLKEWFSGIKEIKCG,113,1,1,35,58,0.008849558,0.028571429
3425,PCDDQKNYIDKQLLPIVNKAGCGSAEEVQKDLEKALRNAGVKDCLKEWFSGIKEWKCG,27,1,1,30,58,0.037037037,0.033333333
3464,SCEEAKNYIDKQLLPIVNKAGCGSAEEVQKDIEKALRNAGVKDCLKEFFSGIKEIKCG,45,5,1,10,58,0.111111111,0.1
3475,SCEEAKNYIDKQLLPIVNKAGCGSAEEVQKDIEKALRNAGVKDCLKEIFSGIKEWKCG,107,43,45,23,58,0.401869159,1.956521739
3479,SCDQIKNYIDKQLLPIVNKAGCGSAEEVQKDIEKLLRNAGVKDCLKEFFSGIKEWKCG,111,15,3,26,58,0.135135135,0.115384615
3608,PCDKQKNYIDKQLLPIVNKAGCGSAEEVQKDVEKALRNAGVKDCLKEIFSGIKEFKCG,55,3,2,13,58,0.054545455,0.153846154
3621,SCDQIKNYIDKQLLPIVNKAGCGSAEEVQKDIEKLLRNAGVKDCLKEIFSGIKEFKCG,190,160,31,13,58,0.842105263,2.384615385
3667,SCDQIKNYIDKQLLPIVNKAGCGSAEEWQKDVEKALRNAGVKDCLKEIFSGIKEWKCG,124,21,2,28,58,0.169354839,0.071428571
3697,PCDKQKNYIDKQLLPIVNKAGCGSAEEWQKDIEKLLRNAGVKDCLKEWFSGIKEWKCG,41,3,6,64,58,0.073170732,0.09375
3720,PCDDAKNYIDKQLLPIVNKAGCGSAEEVQKDVEKALRNAGVKDCLKEIFSGIKEFKCG,59,1,9,7,58,0.016949153,1.285714286
3755,PCDSLKNYIDKQLLPIVNKAGCGSAEEVQKDVEKALRNAGVKDCLKEIFSGIKEWKCG,54,5,19,14,58,0.092592593,1.357142857
3758,SCDQIKNYIDKQLLPIVNKAGCGSAEEWQKDLEKALRNAGVKDCLKEIFSGIKEIKCG,64,3,3,18,58,0.046875,0.166666667
3774,PCDDAKNYIDKQLLPIVNKAGCGSAEEVQKDLEKALRNAGVKDCLKEIFSGIKEFKCG,63,2,8,15,58,0.031746032,0.533333333
3813,PCDKQKNYIDKQLLPIVNKAGCGSAEEVQKDVEKLLRNAGVKDCLKEIFSGIKEIKCG,24,2,2,17,58,0.083333333,0.117647059
3829,SCDQIKNYIDKQLLPIVNKAGCGSAEEVQKDLEKLLRNAGVKDCLKEIFSGIKEWKCG,129,8,7,20,58,0.062015504,0.35
3860,PCDKQKNYIDKQLLPIVNKAGCGSAEEVQKDLEKALRNAGVKDCLKEWFSGIKEWKCG,55,13,4,79,58,0.236363636,0.050632911
3884,SCEEAKNYIDKQLLPIVNKAGCGSAEEVQKDVEKLLRNAGVKDCLKEIFSGIKEWKCG,43,1,6,9,58,0.023255814,0.666666667
3885,SCDDLKNYIDKQLLPIVNKQSCGSAEEWQKDVEKLLRNAGVKDCLKEIFSGIKEIKCG,6,2,1,32,58,0.333333333,0.03125
3892,SCDQIKNYIDKQLLPIVNKAGCGSAEEVQKDVEKALRNAGVKDCLKEFFSGIKEFKCG,97,4,3,20,58,0.041237113,0.15
3952,SCDEHKNYIDKQLLPIVNKAGCGSAEEWQKDLEKALRNAGVKDCLKEIFSGIKEIKCG,15,4,1,10,58,0.266666667,0.1
3957,SCDQIKNYIDKQLLPIVNKAGCGSAEEWQKDVEKALRNAGVKDCLKEIFSGIKEIKCG,111,9,3,32,58,0.081081081,0.09375
3966,PCDDAKNYIDKQLLPIVNKAGCGSAEEWQKDIEKLLRNAGVKDCLKEIFSGIKEFKCG,23,2,25,15,58,0.086956522,1.666666667
4096,SCDQIKNYIDKQLLPIVNKAGCGSAEEWQKDIEKALRNAGVKDCLKEFFSGIKEFKCG,53,1,1,9,58,0.018867925,0.111111111
4120,SCDESKNYIDKQLLPIVNKAGCGSAEEVQKDIEKALRNAGVKDCLKEIFSGIKEFKCG,5,1,1,5,58,0.2,0.2
4127,PCDDLKNYIDKQLLPIVNKQSCGSAEEWQKDVEKLLRNAGVKDCLKEWFSRIKEWKCG,1,1,1,31,58,1,0.032258065
4144,SCDEAKNYIDKQLLPIVNKAGCGSAEEWQKDIEKLLRNAGVKDCLKEFFSGIKEFKCG,23,3,2,10,58,0.130434783,0.2
4243,SCDEAKNYIDKQLLPIVNKAGCGSAEEVQKDVEKALRNAGVKDCLKEIFSGIKEWKCG,114,1,55,17,58,0.00877193,3.235294118
4457,SCEEAKNYIDKQLLPIVNKAGCGSAEEWQKDVEKLLRNAGVKDCLKEIFSGIKEIKCG,23,1,6,21,58,0.043478261,0.285714286
4517,PCDDAKNYIDKQLLPIVNKAGCGSAEEVQKDIEKALRNAGVKDCLKEIFSGIKEFKCG,73,52,129,20,58,0.712328767,6.45
4549,SCDESKNYIDKQLLPIVNKAGCGSAEEVQKDIEKALRNAGVKDCLKEIFSGIKEWKCG,24,3,6,11,58,0.125,0.545454545
4629,PCDSLKNYIDKQLLPIVNKAGCGSAEEVQKDVEKALRNAGVKDCLKEIFSGIKEFKCG,39,1,8,8,58,0.025641026,1
4635,SCEEAKNYIDKQLLPIVNKAGCGSAEEWQKDIEKLLRNAGVKDCLKEIFSGIKEFKCG,13,2,13,6,58,0.153846154,2.166666667
4640,SCDSYKNYIDKQLLPIVNKAGCGSAEEVQKDIEKALRNAGVKDCLKEWFSGIKEWKCG,16,1,2,15,58,0.0625,0.133333333
4660,SCEEAKNYIDKQLLPIVNKAGCGSAEEVQKDIEKALRNAGVKDCLKEIFSGIKEIKCG,46,91,80,13,58,1.97826087,6.153846154
4676,SCDDLKNYIDKQLLPIVNKQSCGSAEEVQKDIEKALRNAGVKDCLKEWFSRIKEFKCG,17,1,5,17,58,0.058823529,0.294117647
4713,SCDQIKNYIDKQLLPIVNKAGCGSAEEFQKDLEKALRNAGVKDCLKEIFSGIKEIKCG,81,1,6,17,58,0.012345679,0.352941176
4799,SCDEAKNYIDKQLLPIVNKAGCGSAEEVQKDVEKLLRNAGVKDCLKEWFSRIKEFKCG,66,1,2,39,58,0.015151515,0.051282051
4853,PCDKQKNYIDKQLLPIVNKAGCGSAEEWQKDIEKALRNAGVKDCLKEWFSGIKEIKCG,9,1,2,16,58,0.111111111,0.125
4880,PCDDAKNYIDKQLLPIVNKAGCGSAEEFQKDFEKLLRNAGVKDCLKEWFSGIKEWKCG,74,1,2,38,58,0.013513514,0.052631579
4890,SCDEAKNYIDKQLLPIVNKAGCGSAEEVQKDIEKALRNAGVKDCLKEIFSGIKEFKCG,71,2,4,20,58,0.028169014,0.2
4951,SCDQIKNYIDKQLLPIVNKAGCGSAEEVQKDWEKLLRNAGVKDCLKEIFSGIKEFKCG,63,6,1,9,58,0.095238095,0.111111111
5067,SCEEAKNYIDKQLLPIVNKAGCGSAEEVQKDIEKALRNAGVKDCLEDILRGIKEIKCG,33,2499,525,13,58,75.72727273,40.38461538
5101,PCDDAKNYIDKQLLPIVNKAGCGSAEEWQKDVEKLLRNAGVKDCLKEIFSGIKEIKCG,36,1,18,23,58,0.027777778,0.782608696
5265,SCDENKNYIDKQLLPIVNKAGCSRPEEVEEMVRRALKKLGETPCLEDILRGIKEIKCG,3,2,1,6,58,0.666666667,0.166666667
5280,PCDDAKNYIDKQLLPIVNKAGCGSAEEVQKDVEKLLRNAGVKDCLKEIFSGIKEIKCG,47,1,4,7,58,0.021276596,0.571428571
5282,PCDKQKNYIDKQLLPIVNKAGCGSAEEWQKDIEKLLRNAGVKDCLKEWFSGIKEFKCG,10,2,1,10,58,0.2,0.1
5370,PCDDAKNYIDKQLLPIVNKAGCGSAEEVQKDIEKLLRNAGVKDCLKEWFSRIKEFKCG,43,1,3,14,58,0.023255814,0.214285714
5476,SCEELKNYIDKQLLPIVNKAGCSRPEELEERIRRALKKFGDTDCLKDILLGIKEWKCG,84,1,4882,17,58,0.011904762,287.1764706
5493,PCDKQKNYIDKQLLPIVNKAGCGSAEEVQKDLEKALRNAGVKDCLKEFFSGIKEFKCG,8,1,1,4,58,0.125,0.25
5551,PCEKAKNYIDKQLLPIVNKAGCSRPEELEERIRRALKKFGDTDCLKDILLGIKEWKCG,34,3,1930,7,58,0.088235294,275.7142857
5620,SCDEAKNYIDKQLLPIVNKAGCGSAEEWQKDVEKALRNAGVKDCLKEIFSGIKEWKCG,56,2,1,16,58,0.035714286,0.0625
5664,PCDDQKNYIDKQLLPIVNKAGCGSAEEVQKDIEKLLRNAGVKDCLKEIFSGIKEWKCG,21,3,2,7,58,0.142857143,0.285714286
5758,SCDQIKNYIDKQLLPIVNKAGCGSAEEVQKDIEKALRNAGVKDCLKEFFSRIKEWKCG,27,2,1,8,58,0.074074074,0.125
5793,SCEEAKNYIDKQLLPIVNKAGCSRPEEVEEMVRRALKKLGETPCLEDILRGIKEIKCG,48,199,75,8,58,4.145833333,9.375
5801,PCDKQKNYIDKQLLPIVNKAGCGSAEEVQKDIEKLLRNAGVKDCLKEIFSGIKEWKCG,34,248,42,18,58,7.294117647,2.333333333
5900,SCDEHKNYIDKQLLPIVNKAGCGSAEEVQKDIEKALRNAGVKDCLKEIFSGIKEWKCG,17,1,1,11,58,0.058823529,0.090909091
5931,PCDKQKNYIDKQLLPIVNKAGCGSAEEVQKDIEKALRNAGVKDCLKEIFSGIKEVKCG,9,3,6,5,58,0.333333333,1.2
5942,PCDKQKNYIDKQLLPIVNKAGCGSAEEWQKDIEKALRNAGVKDCLKEIFSGIKEIKCG,16,1,2,13,58,0.0625,0.153846154
6068,SCDQIKNYIDKQLLPIVNKAGCGSAEEVQKDWEKALRNAGVKDCLKEWFSGIKEFKCG,40,2,2,18,58,0.05,0.111111111
6330,PCDKQKNYIDKQLLPIVNKAGCGSAEEVQKDLEKALRNAGVKDCLKEFFSGIKEWKCG,19,1,1,23,58,0.052631579,0.043478261
6382,SCDERKNYIDKQLLPIVNKAGCGSAEEVQKDIEKLLRNAGVKDCLKEIFSGIKEWKCG,6,2,3,9,58,0.333333333,0.333333333
6470,PCDKQKNYIDKQLLPIVNKAGCGSAEEVQKDVEKLLRNAGVKDCLKEFFSGIKEFKCG,9,3,1,9,58,0.333333333,0.111111111
6503,SCDQIKNYIDKQLLPIVNKAGCGSAEEFQKDFEKLLRNAGVKDCLKEIFSGIKEIKCG,42,2,7,5,58,0.047619048,1.4
6587,SCEEAKNYIDKQLLPIVNKAGCGSAEEVQKDLEKALRNAGVKDCLKEIFSGIKEWKCG,58,9,6,25,58,0.155172414,0.24
6653,PCDDAKNYIDKQLLPIVNKAGCGSAEEWQKDIEKLLRNAGVKDCLKEIFSGIKEIKCG,22,2,12,8,58,0.090909091,1.5
6669,SCDEAKNYIDKQLLPIVNKAGCGSAEEWQKDFEKALRNAGVKDCLKEIFSGIKEIKCG,31,1,1,4,58,0.032258065,0.25
6719,SCDSYKNYIDKQLLPIVNKAGCGSAEEVQKDIEKLLRNAGVKDCLKEWFSGIKEWKCG,24,1,12,4,58,0.041666667,3
6812,SCDQIKNYIDKQLLPIVNKAGCGSAEEWQKDVEKALRNAGVKDCLKEIFSGIKEVKCG,14,1,4,3,58,0.071428571,1.333333333
7041,SCDQIKNYIDKQLLPIVNKAGCGSAEEFQKDIEKLLRNAGVKDCLKEIFSGIKEWKCG,22,3,2,2,58,0.136363636,1
7078,SCEEAKNYIDKQLLPIVNKAGCGSAEEVQKDVEKALRNAGVKDCLKEIFSGIKEWKCG,73,4,6,17,58,0.054794521,0.352941176
7100,SCEEAKNYIDKQLLPIVNKAGCSRPEELERMFRKALKKMGDTSCFDDIMKGIKEWKCG,18,3,300,8,58,0.166666667,37.5
7119,PCDKQKNYIDKQLLPIVNKAGCGSAEEWQKDIEKLLRNAGVKDCLKEIFSGIKEFKCG,8,1,18,7,58,0.125,2.571428571
7207,PCDDAKNYIDKQLLPIVNKAGCGSAEEVQKDVEKALRNAGVKDCLKEIFSGIKEIKCG,37,2,10,8,58,0.054054054,1.25
7212,PCDKQKNYIDKQLLPIVNKAGCGSAEEFQKDFEKLLRNAGVKDCLKEWFSGIKEIKCG,16,1,1,9,58,0.0625,0.111111111
7258,PCDDAKNYIDKQLLPIVNKAGCGSAEEVQKDIEKLLRNAGVKDCLKEIFSGIKEWKCG,65,156,127,16,58,2.4,7.9375
7444,PCDDAKNYIDKQLLPIVNKAGCGSAEEVQKDFEKALRNAGVKDCLKEIFSGIKEIKCG,20,1,2,5,58,0.05,0.4
7551,SCDESKNYIDKQLLPIVNKAGCGSAEEFQKDIEKALRNAGVKDCLKEIFSGIKEWKCG,6,1,2,12,58,0.166666667,0.166666667
7555,SCDQIKNYIDKQLLPIVNKAGCGSAEEFQKDLEKALRNAGVKDCLKEIFSGIKEWKCG,87,1,2,21,58,0.011494253,0.095238095
7591,PCDKQKNYIDKQLLPIVNKAGCGSAEEVQKDVEKALRNAGVKDCLKEIFSGIKEIKCG,18,2,2,6,58,0.111111111,0.333333333
7708,PCDKQKNYIDKQLLPIVNKAGCGSAEEVQKDIEKLLRNAGVKDCLKEIFSGIKEFKCG,28,40,3,8,58,1.428571429,0.375
7802,SCDERKNYIDKQLLPIVNKAGCSRPEEVEEMVRRALKKLGETPCLEDILRGIKEIKCG,7,3,1,16,58,0.428571429,0.0625
7819,PCDDAKNYIDKQLLPIVNKAGCGSAEEVQKDVEKLLRNAGVKDCLKEWFSGIKEFKCG,75,1,3,47,58,0.013333333,0.063829787
7837,SCDEAKNYIDKQLLPIVNKAGCSRPEEVEEMVRRALKKLGETPCLEDILRGIKEIKCG,76,11,29,8,58,0.144736842,3.625
7901,SCDESKNYIDKQLLPIVNKAGCGSAEEVQKDIEKALRNAGVKDCLKEIFSGIKEIKCG,11,6,1,4,58,0.545454545,0.25
7902,SCDEAKNYIDKQLLPIVNKAGCGSAEEVQKDIEKLLRNAGVKDCLKEIFSGIKEVKCG,11,4,6,1,58,0.363636364,6
7989,PCDDAKNYIDKQLLPIVNKAGCGSAEEVQKDIEKLLRNAGVKDCLKEWFSRIKEIKCG,20,2,1,7,58,0.1,0.142857143
8210,SCDESKNYIDKQLLPIVNKAGCGSAEEVQKDIEKLLRNAGVKDCLKEIFSGIKEFKCG,8,2,1,3,58,0.25,0.333333333
8231,PCDDQKNYIDKQLLPIVNKAGCGSAEEVQKDIEKALRNAGVKDCLKEIFSGIKEIKCG,17,4,1,3,58,0.235294118,0.333333333
8272,SCDQIKNYIDKQLLPIVNKAGCGSAEEVQKDFEKALRNAGVKDCLKEIFSGIKEIKCG,38,1,6,3,58,0.026315789,2
8275,SCDQIKNYIDKQLLPIVNKAGCGSAEEFQKDVEKLLRNAGVKDCLKEIFSGIKEIKCG,54,1,1,10,58,0.018518519,0.1
8782,PCEDLKNYIDKQLLPIVNKAGCGSAEEVQKDIEKALRNAGVKDCLKEIFSGIKEIKCG,54,1,4,12,58,0.018518519,0.333333333
8997,SCDQIKNYIDKQLLPIVNKAGCGSAEEVQKDFEKLLRNAGVKDCLKEIFSGIKEIKCG,67,3,1,4,58,0.044776119,0.25
9143,SCDQIKNYIDKQLLPIVNKAGCGSAKEVQKDIEKALRNAGVKDCLKEWFSGIKEWKCG,13,117,32,12,58,9,2.666666667
9229,SCDEQKNYIDKQLLPIVNKAGCSRPEEVEEMVRRALKKLGETPCLEDILRGIKEIKCG,9,4,1,3,58,0.444444444,0.333333333
9238,PCDDNKNYIDKQLLPIVNKAGCGSAEEVQKDIEKALRNAGVKDCLKEIFSGIKEIKCG,5,2,1,7,58,0.4,0.142857143
9283,SCDQIKNYIDKQLLPIVNKAGCGSAEEVQKDWEKLLRNAGVKDCLKEIFSGIKEWKCG,56,3,1,13,58,0.053571429,0.076923077
9336,PCDDAKNYIDKQLLPIVNKAGCGSAEEWQKDLEKALRNAGVKDCLKEIFSGIKEWKCG,14,1,2,10,58,0.071428571,0.2
9491,PCDSLKNYIDKQLLPIVNKAGCGSAEEVQKDVEKALRNAGVKDCLKEIFSGIKEIKCG,32,3,16,3,58,0.09375,5.333333333
9612,SCEELKNYIDKQLLPIVNKAGCSRPEELERMFRKALKKMGDTSCFDDIMKGIKEIKCG,13,1,100,3,58,0.076923077,33.33333333
9709,PCDKQKNYIDKQLLPIVNKAGCGSAEEVQKDLEKALRNAGVKDCLKEIFSGIKEWKCG,18,20,3,18,58,1.111111111,0.166666667
9839,SCEEAKNYIDKQLLPIVNKAGCGSAEEVQKDVEKALRNAGVKDCLKEIFSGIKEIKCG,31,3,1,6,58,0.096774194,0.166666667
10079,PCDDAKNYIDKQLLPIVNKAGCGSAEEFQKDIEKLLRNAGVKDCLKEIFSGIKEWKCG,15,1,1,5,58,0.066666667,0.2
10256,PCDKQKNYIDKQLLPIVNKQSCGSAEEWQKDVEKLLRNAGVKDCLKEIFSGIKEFKCG,1,1,2,17,58,1,0.117647059
10268,SCDQIKNYIDKQLLPIVNKAGCGSAEEFQKDVEKLLRNAGVKDCLKEIFSGIKEFKCG,57,1,14,8,58,0.01754386,1.75
10294,PCDDAKNYIDKQLLPIVNKAGCGSAEEVQKDVEKLLRNAGVKDCLKEFFSGIKEFKCG,28,1,1,9,58,0.035714286,0.111111111
10303,SCDESKNYIDKQLLPIVNKAGCGSAEEVQKDIEKLLRNAGVKDCLKEIFSGIKEIKCG,9,6,1,5,58,0.666666667,0.2
10492,PCVSWKNYIDKQLLPIVNKAGCSRPEEVKERILRALKKMGDTSCFDDILKGVKEIKCG,6,268,100,1,58,44.66666667,100
10582,SCEEAKNYIDKQLLPIVNKAGCGSAEEVQKDLEKALRNAGVKDCLKEIFSGIKEFKCG,40,2,7,5,58,0.05,1.4
10672,SCDDEKNYIDKQLLPIVNKAGCSRPEEVEERIRRALKKMGDTSCFDEIMKGLKEIKCG,1,1,26,1,58,1,26
10788,PCDKSKNYIDKQLLPIVNKAGCSRPEEVEEMVRRALKKLGETPCLEDILRGIKEIKCG,1,1,1,1,58,1,1
10794,SCDQIKNYIDKQLLPIVNKAGCGSAEEVQKDIEKLLRNAGVKDCLKEWFSRIKEIKCG,65,4,1,8,58,0.061538462,0.125
11292,SCDDAKNYIDKQLLPIVNKAGCGSAEEWQKDVEKLLRNAGVKDCLKEWFSGIKEFKCG,7,1,1,18,58,0.142857143,0.055555556
11357,PCDDAKNYIDKQLLPIVNKAGCGSAEEVQKDIEKLLRNAGVKDCLKEFFSGIKEFKCG,35,10,2,13,58,0.285714286,0.153846154
11487,PCDDAKNYIDKQLLPIVNKAGCGSAEEVQKDLEKLLRNAGVKDCLKEIFSGIKEIKCG,31,9,2,3,58,0.290322581,0.666666667
11761,PCDDAKNYIDKQLLPIVNKAGCGSAEEVQKDIEKLLRNAGVKDCLKEFFSGIKEWKCG,30,2,3,12,58,0.066666667,0.25
12164,SCDQIKNYIDKQLLPIVNKAGCGSAEEVQKDVEKALRNAGVKDCLKEIFSGIKEVKCG,54,6,33,8,58,0.111111111,4.125
12324,PCDKQKNYIDKQLLPIVNKAGCGSAEEVQKDLEKALRNAGVKDCLKEIFSGIKEFKCG,20,8,2,9,58,0.4,0.222222222
12333,SCDDAKNYIDKQLLPIVNKAGCGSAEEVQKDIEKALRNAGVKDCLKEIFSGIKEIKCG,8,6,6,6,58,0.75,1
12399,SCDQIKNYIDKQLLPIVNKAGCGSAEEFQKDIEKLLRNAGVKDCLKEIFSGIKEIKCG,21,2,1,3,58,0.095238095,0.333333333
12400,SCDQIKNYIDKQLLPIVNKAGCGSAEEVQKDIEKALRNAGVKDCLKEIFSGIKEVKCG,36,1,27,4,58,0.027777778,6.75
12402,SCDQIKNYIDKQLLPIVNKAGCGSAEEVQKDWEKALRNAGVKDCLKEIFSGIKEIKCG,50,1,1,12,58,0.02,0.083333333
12474,SCDQIKNYIDKQLLPIVNKAGCGSAEEFQKDLEKLLRNAGVKDCLKEIFSGIKEIKCG,40,1,1,4,58,0.025,0.25
12633,PCDDAKNYIDKQLLPIVNKAGCGSAEEWQKDLEKALRNAGVKDCLKEFFSGIKEWKCG,19,2,3,19,58,0.105263158,0.157894737
12668,SCEEAKNYIDKQLLPIVNKAGCSRPEELEERIRRALKKFGDTDCFDEILKGIKEIKCG,11,1,171,4,58,0.090909091,42.75
12906,PCDDAKNYIDKQLLPIVNKAGCGSAEEFQKDLEKALRNAGVKDCLKEWFSRIKEFKCG,11,1,2,18,58,0.090909091,0.111111111
12950,SCEEAKNYIDKQLLPIVNKAGCGSAEEVQKDIEKALRNAGVKDCLKEIFSGIKEFKCG,43,33,11,3,58,0.76744186,3.666666667
13149,SCDQIKNYIDKQLLPIVNKAGCSRPEELEERIRRALKKFGDTDCLKDILLGIKEIKCG,13,5,564,1,58,0.384615385,564
13213,PCDDAKNYIDKQLLPIVNKAGCGSAEEVQKDIEKLLRNAGVKDCLKEIFSGIKEFKCG,62,11,19,8,58,0.177419355,2.375
13246,PCDDAKNYIDKQLLPIVNKAGCGSAEEVQKDLEKLLRNAGVKDCLKEIFSGIKEFKCG,36,1,1,7,58,0.027777778,0.142857143
14444,SCDQIKNYIDKQLLPIVNKAGCGSAEEWQKDIEKALRNAGVKDCLKEIFSGIKEVKCG,17,1,4,4,58,0.058823529,1
17758,SCDESKNYIDKQLLPIVNKAGCSRPEELEERIRRALKKFGDTDCLKDILLGIKEWKCG,14,1,706,11,58,0.071428571,64.18181818
19701,SCDQIKNYIDKQLLPIVNKAGCSRPEEVEERIRRALKKMGDTSCFDEIMKGLKEIKCG,23,8066,1913,3,58,350.6956522,637.6666667
19916,SCDEMKNYIDKQLLPIVNKAGCSRPEEVEERIRRALKKMGDTSCFDEIMKGLKEIKCG,2,3,3,1,58,1.5,3
20339,PCDKQKNYIDKQLLPIVNKAGCGSAEEWQKDIEKLLRNAGVKDCLKEIFSGIKEIKCG,5,2,2,4,58,0.4,0.5
21783,PCDKQKNYIDKQLLPIVNKAGCSRPEELEERIRRALKKFGDTDCLKDILLGIKEWKCG,39,15,6159,22,58,0.384615385,279.9545455
23705,SCEELKNYIDKQLLPIVNKAGCSKPEELEERFRRALKKFGFTDCFDEVMKGIKEIKCG,12,1,5,4,58,0.083333333,1.25
24003,PCEDLKNYIDKQLLPIVNKAGCSRPEELERMFRKALKKMGDTSCFDDIMKGIKEWKCG,5,1,1,2,58,0.2,0.5
29506,SCDQIKNYIDKQLLPIVNKAGCNRPEEFEEWIKRALKKLGDTSCLEDILRGIKEAKCG,2,12,1,1,58,6,1
29968,SCDESKNYIDKQLLPIVNKAGCGSAEEVQKDIEKLLRNAGVKDCLKEIFSGIKEWKCG,12,12,2,4,58,1,0.5
31310,PCDDAKNYIDKQLLPIVNKAGCGSAEEWQKDIEKLLRNAGVKDCLKEFFSGIKEWKCG,25,2,2,10,58,0.08,0.2
31717,PCDDQKNYIDKQLLPIVNKAGCSRPEEVEEMVRRALKKLGETPCLEDILRGIKEWKCG,29,7,23,9,58,0.24137931,2.555555556
31723,SCEEAKNYIDKQLLPIVNKAGCGSAEEVQKDWEKALRNAGVKDCLKEFFSGIKEFKCG,8,2,2,2,58,0.25,1
34029,SCDEAKNYIDKQLLPIVNKAGCGSAEEFQKDVEKALRNAGVKDCLKEIFSGIKEIKCG,7,2,1,2,58,0.285714286,0.5
36509,SCEEAKNYIDKQLLPIVNKAGCGSAEEVQKDWEKALRNAGVKDCLKEIFSGIKEWKCG,9,1,1,3,58,0.111111111,0.333333333
36567,SCDEAKNYIDKQLLPIVNKAGCGSAEEVQKDFEKALRNAGVKDCLKEIFSGIKEWKCG,31,1,5,7,58,0.032258065,0.714285714
37173,SCEEAKNYIDKQLLPIVNKAGCNRPEDLERWFRKALKKMGDTSCFDDIMKGIKEWKCG,4,1,72,2,58,0.25,36
38321,PCDDYKNYIDKQLLPIVNKAGCGSAEEVQKDIEKLLRNAGVKDCLKEIFSGIKEWKCG,18,2,4,6,58,0.111111111,0.666666667
40357,PCDDAKNYIDKQLLPIVNKAGCGSAEEVQKDWEKALRNAGVKDCLKEFFSGIKEFKCG,17,1,5,8,58,0.058823529,0.625
40958,SCDQIKNYIDKQLLPIVNKAGCGSAEEWQKDVEKALRNAGVKDCLKEIFSGIKEFKCG,67,2,2,7,58,0.029850746,0.285714286
41081,SCDQIKNYIDKQLLPIVNKAGCGSAEEWQKDFEKLLRNAGVKDCLKEFFSGIKEWKCG,44,2,2,18,58,0.045454545,0.111111111
41898,SCEEAKNYIDKQLLPIVNKAGCGSAEEVQKDVEKALRNAGVKDCLKEIFSGIKEVKCG,22,2,6,2,58,0.090909091,3
42460,PCDDAKNYIDKQLLPIVNKAGCGSAEEVQKDIEKLLRNAGVKDCLKEWFSGIKEVKCG,6,1,1,6,58,0.166666667,0.166666667
43033,SCDDAKNYIDKQLLPIVNKAGCSRPEEVEEMVRRALKKLGETPCLEDILRGIKEIKCG,10,5,2,2,58,0.5,1
43558,SCDQIKNYIDKQLLPIVNKAGCSRPEELERMFRKALKKMGDTSCFDDIMKGIKEWKCG,40,1,237,7,58,0.025,33.85714286
43903,PCDDAKNYIDKQLLPIVNKAGCGSAEEFQKDIEKALRNAGVKDCLKEIFSGIKEWKCG,68,1,7,12,58,0.014705882,0.583333333
44090,PCDDQKNYIDKQLLPIVNKAGCSRPEELEERIRRALKKFGDTDCLKDILLGIKEWKCG,28,1,192,5,58,0.035714286,38.4
45796,SCDESKNYIDKQLLPIVNKAGCSRPEEVEEMVRRALKKLGETPCLEDILRGIKEIKCG,8,40,12,1,58,5,12
46695,SCDQIKNYIDKQLLPIVNKAGCGSAEEFQKDFEKLLRNAGVKDCLKEFFSGIKEWKCG,33,1,1,7,58,0.03030303,0.142857143
47495,PCEKLKNYIDKQLLPIVNKAGCGSAEEVQKDIEKALRNAGVKDCLKEIFSGIKEIKCG,6,1,1,1,58,0.166666667,1
47592,PCDDLKNYIDKQLLPIVNKAGCSRPEEVEEMVRRALKKLGETPCLEDILRGIKEIKCG,38,9,1,8,58,0.236842105,0.125
53028,SCDDLKNYIDKQLLPIVNKAGCGSAKEVQKDIEKALRNAGVKDCLEDILRGIKEWKCG,2,5,28,1,58,2.5,28
53721,PCDDQKNYIDKQLLPIVNKAGCSRPEEVERAVRKMLKKMGNTDCLEDILRGIKEIKCG,1,4,6,1,58,4,6
53807,PCDKQKNYIDKQLLPIVNKAGCGSAEEWQKDIEKLLRNAGVKDCLKEIFSGIKEWKCG,14,1,5,9,58,0.071428571,0.555555556
54208,PCDDLKNYIDKQLLPIVNKAGCSRPEEVEERIRRALKKMGDTSCFDEIMKGLKEIKCG,6,10,10,1,58,1.666666667,10
54692,SCDQIKNYIDKQLLPIVNKAGCGSAEEVQKDIEKALRNAGVKDCLKEAFKGVKEIKCG,13,2,2,2,58,0.153846154,1
54943,SCEELKNYIDKQLLPIVNKAGCSRPEEVEEMVRRALKKLGETPCLEDILRGIKEIKCG,56,5,73,8,58,0.089285714,9.125
55955,PCDDAKNYIDKQLLPIVNKAGCGSAEEVQKDIEKALRNAGVKDCLKEIFSGIKEVKCG,16,4,69,3,58,0.25,23
56054,PCDKQKNYIDKQLLPIVNKAGCGSAEEVQKDIEKALRNAGVKDCLEDILRGIKEWKCG,2,393,34,3,58,196.5,11.33333333
56863,PCDQIKNYIDKQLLPIVNKAGCGSAEEVQKDIEKLLRNAGVKDCLKEIFSGIKEWKCG,11,1,1,2,58,0.090909091,0.5
57513,PCEDLKNYIDKQLLPIVNKAGCSRPEEVEEMVRRALKKLGETPCLEDILRGIKEIKCG,47,3,2,6,58,0.063829787,0.333333333
57516,SCDQIKNYIDKQLLPIVNKAGCNRPEEFEEWIKRALKKLGDTSCLEDILRGIKEIKCG,23,4301,3,8,58,187,0.375
57533,SCEELKNYIDKQLLPIVNKAGCSRPEELERMFRKALKKMGDTSCFDEIMKGLKEIKCG,16,6,256,2,58,0.375,128
57534,SCDQIKNYIDKQLLPIVNKAGCGSAEEVQKDLEKALRNAGVKDCLKEIFSGIKEVKCG,22,3,4,3,58,0.136363636,1.333333333
57538,SCDQIKNYIDKQLLPIVNKAGCGSAEEVQKDIEKALRNAGVKDCLKEIFSRIKEWKCG,48,2,3,7,58,0.041666667,0.428571429
57544,SCDQIKNYIDKQLLPIVNKAGCNRPEEFEEWIKRALKKLGDTSCLEDILRGIKEWKCG,8,1779,9,1,58,222.375,9
57545,SCEELKNYIDKQLLPIVNKAGCSRPEELERMFRKALKKMGDTSCFDDIMKGLKEIKCG,9,4,173,1,58,0.444444444,173
57547,SCDQIKNYIDKQLLPIVNKAGCGSAEEVQKDIEKALRNAGVKDCLEDILRGIKEWKCG,10,1189,198,2,58,118.9,99
57549,PCDSLKNYIDKQLLPIVNKAGCGSAEEVQKDIEKLLRNAGVKDCLKEIFSGIKEWKCG,10,2,4,5,58,0.2,0.8
57551,SCESAKNYIDKQLLPIVNKAGCGSAEEVQKDIEKALRNAGVKDCLKEIFSGIKEWKCG,11,4,4,2,58,0.363636364,2
57553,SCEELKNYIDKQLLPIVNKAGCSRPEEVEERIRRALKKMGDTSCFDEIMKGLKEIKCG,16,27,440,2,58,1.6875,220
57569,SCDQIKNYIDKQLLPIVNKAGCGSAKEVLKDFEKALRNAGSKDCLKEIFSGIKEFKCG,8,1,4,3,58,0.125,1.333333333
57575,SCDQIKNYIDKQLLPIVNKAGCSRPEEVEEMVRRALKKLGETPCLEDILRGIKEWKCG,3,163,77,1,58,54.33333333,77
57587,PCDKQKNYIDKQLLPIVNKAGCSRPEEVEERIRRALKKFGDTDCLKDILLGIKEWKCG,10,12,2262,7,58,1.2,323.1428571
57588,SCDQIKNYIDKQLLPIVNKAGCSRPEEVERAVRKMLKKMGNTDCLEDILRGIKEIKCG,19,1078,491,1,58,56.73684211,491
57599,PCDSLKNYIDKQLLPIVNKAGCGSAEEVQKDIEKLLRNAGVKDCLKEIFSGIKEIKCG,12,1,1,1,58,0.083333333,1
57604,SCDSYKNYIDKQLLPIVNKAGCGSAEEVQKDIEKLLRNAGVKDCLKEIFSGIKEFKCG,9,3,41,2,58,0.333333333,20.5
57608,SCDQIKNYIDKQLLPIVNKAGCGSAKEVQKDIEKALRNAGVKDCLKEIFSGIKEWKCG,5,260,103,1,58,52,103
57611,SCDDLKNYIDKQLLPIVNKAGCSRPEEVEEMVRRALKKLGETPCLEDILRGIKEIKCG,25,5,7,2,58,0.2,3.5
57618,SCDQIKNYIDKQLLPIVNKAGCGSAEEVQKDIEKALRNAGVKDCFDEVFSGIKEWKCG,10,1,1,1,58,0.1,1
57622,SCDQIKNYIDKQLLPIVNKAGCGSAEEVQKDIEKALRNAGVKDCLEDILRGIKEIKCG,17,1154,197,1,58,67.88235294,197
57628,SCDQIKNYIDKQLLPIVNKAGCSRPEELEERIRRALKKMGDTSCFDEIMKGLKEIKCG,7,29,1836,3,58,4.142857143,612
57638,PCDQIKNYIDKQLLPIVNKAGCGSAEEVQKDIEKLLRNAGVKDCLKEIFSGIKEIKCG,11,1,1,1,58,0.090909091,1
57648,SCDDAKNYIDKQLLPIVNKAGCGSAEEVQKDIEKLLRNAGVKDCLKEIFSGIKEWKCG,12,5,2,3,58,0.416666667,0.666666667
57671,SCEEIKNYIDKQLLPIVNKAGCSRPEELERMFRKALKKMGDTSCFDDIMKGIKEWKCG,9,2,4,1,58,0.222222222,4
57683,PCDKQKNYIDKQLLPIVNKAGCSRPEELERMFRKALKKMGDTSCFDDIMKGIKEWKCG,6,1,79,1,58,0.166666667,79
57688,SCDSYKNYIDKQLLPIVNKAGCGSAEEVQKDIEKLLRNAGVKDCLKEIFSGIKEIKCG,16,1,65,1,58,0.0625,65
57690,SCDQIKNYIDKQLLPIVNKAGCSRPEEVEEMVRRALKKLGETPCLEDILRGIKEFKCG,6,46,4,1,58,7.666666667,4
57700,SCEEAKNYIDKQLLPIVNKAGCSRPEEVEERIRRALKKMGDTSCFDEIMKGLKEIKCG,7,826,611,5,58,118,122.2
57715,PCDDAKNYIDKQLLPIVNKAGCSRPEELKERIERMLRKAGDTDCLEDVLRGIKEWKCG,10,1,380,6,58,0.1,63.33333333
57725,SCEELKNYIDKQLLPIVNKAGCSRPEEVERAVRKMLKKMGNTDCLEDILRGIKEIKCG,3,5,119,1,58,1.666666667,119
57747,SCDEMKNYIDKQLLPIVNKAGCGSAEEVQKDIEKALRNAGVKDCLKEIFSGIKEIKCG,17,1,3,2,58,0.058823529,1.5
57748,SCEEIKNYIDKQLLPIVNKAGCNRPEEVKEWFLRALKKMGDTSCFDDIMKGIKEWKCG,3,2,2,1,58,0.666666667,2
57755,PCDDAKNYIDKQLLPIVNKAGCSRPEEVERAVRKMLKKMGNTDCLEDILRGIKEWKCG,6,318,369,1,58,53,369
57763,SCEEAKNYIDKQLLPIVNKAGCGRPEEVEEWIRRALKKLGETPCLEDILRGLKEIKCG,7,1159,288,2,58,165.5714286,144
57769,PCEKLKNYIDKQLLPIVNKAGCSRPEEVEEMVRRALKKLGETPCLEDILRGIKEIKCG,6,2,1,2,58,0.333333333,0.5
57786,PCDDYKNYIDKQLLPIVNKAGCGSAEEVQKDIEKALRNAGVKDCLKEIFSGIKEIKCG,30,2,2,1,58,0.066666667,2
57809,PCDKQKNYIDKQLLPIVNKAGCSRPEEVEEMVRRALKKLGETPCLEDILRGIKEWKCG,4,323,152,1,58,80.75,152
57853,SCDQIKNYIDKQLLPIVNKAGCGSAKEVQKDIEKALRNAGVKDCLKEFFSGIKEWKCG,3,19,2,2,58,6.333333333,1
57855,SCDQIKNYIDKQLLPIVNKAGCGSAKEVQKDIEKALRNAGVKDCLKEIFSGIKEIKCG,2,289,107,1,58,144.5,107
57856,SCDEAKNYIDKQLLPIVNKAGCSRPEEVEERIRRALKKMGDTSCFDEIMKGLKEIKCG,9,60,156,2,58,6.666666667,78
57875,PCDKQKNYIDKQLLPIVNKAGCGSAEEVQKDLEKALRNAGVKDCLKEIFSGIKEIKCG,24,15,2,7,58,0.625,0.285714286
57883,PCDDAKNYIDKQLLPIVNKAGCGSAEEFQKDVEKLLRNAGVKDCLKEIFSGIKEWKCG,39,2,3,10,58,0.051282051,0.3
57885,SCDQIKNYIDKQLLPIVNKAGCGSAKEVQKDIEKALRNAGVKDCLKEIFSGIKEFKCG,4,69,37,2,58,17.25,18.5
57889,SCDEAKNYIDKQLLPIVNKAGCGSAKEVQKDIEKALRNAGVKDCLEDILRGIKEWKCG,3,64,52,3,58,21.33333333,17.33333333
57899,PCDKQKNYIDKQLLPIVNKAGCGSAEEVQKDLEKLLRNAGVKDCLKEIFSGIKEWKCG,20,4,1,9,58,0.2,0.111111111
57910,SCDQIKNYIDKQLLPIVNKAGCGSAKEVQKDIEKALRNAGVKDCLEDILRGIKEIKCG,4,1791,224,2,58,447.75,112
57911,SCEEAKNYIDKQLLPIVNKAGCGSAEEVQKDIEKALRNAGVKDCLEDILRGIKEWKCG,6,913,173,2,58,152.1666667,86.5
57912,SCEEAKNYIDKQLLPIVNKAGCGSAEEVQKDIEKALRNAGVKDCLKEIFSRIKEWKCG,9,1,2,2,58,0.111111111,1
57917,PCEDAKNYIDKQLLPIVNKAGCGSAEEVQKDIEKLLRNAGVKDCLKEIFSGIKEWKCG,6,8,1,2,58,1.333333333,0.5
57946,SCDQIKNYIDKQLLPIVNKAGCGSAEEVQKDVEKALRNAGVKDCLEDILRGIKEWKCG,4,34,24,2,58,8.5,12
57955,SCDQIKNYIDKQLLPIVNKAGCSRPEELEERIRRALKKFGDTDCLKDILRGIKEIKCG,3,2,62,1,58,0.666666667,62
57996,PCDDAKNYIDKQLLPIVNKAGCSRPEEVEERIRRALKKMGDTSCFDEIMKGLKEIKCG,3,2560,978,5,58,853.3333333,195.6
58166,SCDQIKNYIDKQLLPIVNKAGCGSAKEVQKDIEKLLRNAGVKDCLKEWFSGIKEWKCG,1,10,3,1,58,10,3
58189,SCEEAKNYIDKQLLPIVNKAGCSRPEEVERAVRKMLKKMGNTDCLEDILRGIKEIKCG,2,114,149,1,58,57,149
58190,SCDQIKNYIDKQLLPIVNKAGCGSAEEVQKDLEKALRNAGVKDCLKEIFSRIKEIKCG,10,6,1,1,58,0.6,1
58192,SCEELKNYIDKQLLPIVNKAGCSRPEELERMFRKALKKMGDTSCFDDIMKGVKEIKCG,4,1,2,1,58,0.25,2
58258,PCDDLKNYIDKQLLPIVNKAGCGSAEEFQKDLEKLLRNAGVKDCLKEIFSGIKEWKCG,20,1,1,9,58,0.05,0.111111111
58272,PCDDLKNYIDKQLLPIVNKAGCGSAEEVQKDIEKALRNAGVKDCLEDILRGIKEWKCG,2,6,1,1,58,3,1
58415,SCDEAKNYIDKQLLPIVNKAGCSRPEEVERAVRKMLKKMGNTDCLEDILRGIKEIKCG,1,13,64,1,58,13,64
58492,PCDDAKNYIDKQLLPIVNKAGCGSAKEVQKDIEKALRNAGVKDCLEDILRGIKEWKCG,8,545,306,4,58,68.125,76.5
58513,SCEEAKNYIDKQLLPIVNKAGCGSAEEVQKDFEKALRNAGVKDCLKEIFSGIKEIKCG,7,1,3,5,58,0.142857143,0.6
58542,PCDDAKNYIDKQLLPIVNKAGCGSAEEVQKDIEKALRNAGVKDCLEDILRGIKEWKCG,6,441,263,1,58,73.5,263
58570,SCDSYKNYIDKQLLPIVNKAGCGSAEEVQKDIEKALRNAGVKDCLKEIFSGIKEIKCG,4,1,29,2,58,0.25,14.5
58620,SCEEAKNYIDKQLLPIVNKAGCGSAKEVQKDIEKALRNAGVKDCLEDILRGIKEWKCG,5,447,100,2,58,89.4,50
58626,SCEDAKNYIDKQLLPIVNKAGCGSAEEVQKDIEKLLRNAGVKDCLKEIFSGIKEWKCG,8,27,1,1,58,3.375,1
58853,PCDDAKNYIDKQLLPIVNKAGCGSAEEVQKDVEKALRNAGVKDCLKEIFSGIKEVKCG,12,4,14,2,58,0.333333333,7
58856,SCDEAKNYIDKQLLPIVNKAGCGSAKEVQKDIEKALRNAGVKDCLKEWFSGIKEWKCG,5,2,2,3,58,0.4,0.666666667
58980,SCEEAKNYIDKQLLPIVNKAGCSRPEELEEMIRRALKKMGDTSCFDEIMKGLKEIKCG,3,2,868,1,58,0.666666667,868
59096,PCDKSKNYIDKQLLPIVNKAGCGSAEEVQKDIEKLLRNAGVKDCLKEIFSGIKEIKCG,4,1,1,3,58,0.25,0.333333333
59137,SCDSYKNYIDKQLLPIVNKAGCGSAEEVQKDIEKALRNAGVKDCLKEFFSGIKEWKCG,7,1,1,1,58,0.142857143,1
59315,PCEDLKNYIDKQLLPIVNKAGCGSAEEVQKDIEKALRNAGVKDCLEDILRGIKEWKCG,1,3,1,1,58,3,1
59451,PCEDLKNYIDKQLLPIVNKAGCGSAKEVQKDIEKALRNAGVKDCLEDILRGIKEWKCG,3,5,8,2,58,1.666666667,4
59546,PCDDAKNYIDKQLLPIVNKAGCGSAEEFQKDFEKLLRNAGVKDCLKEIFSGIKEIKCG,10,1,1,2,58,0.1,0.5
59648,SCDQIKNYIDKQLLPIVNKAGCGSAKEVQKDIEKALRNAGVKDCLKEFFSGIKEIKCG,3,19,1,1,58,6.333333333,1
59692,SCEEAKNYIDKQLLPIVNKAGCSRPEEVEEMVRRALKKLGETPCLEDILRGIKEFKCG,1,4,1,1,58,4,1
59695,PCDDAKNYIDKQLLPIVNKAGCGSAEEWQKDLEKALRNAGVKDCLKEIFSGIKEIKCG,7,1,5,3,58,0.142857143,1.666666667
59702,PCDDAKNYIDKQLLPIVNKAGCGSAEEVQKDIEKALRNAGSKDCLKEIFSGIKEIKCG,2,4,2,1,58,2,2
59772,SCDQIKNYIDKQLLPIVNKAGCGSAEEWQKDVEKLLRNAGVKDCLEDILRGIKEWKCG,4,5,55,3,58,1.25,18.33333333
59796,SCDQIKNYIDKQLLPIVNKAGCGSAEEWQKDIEKALRNAGVKDCLEDILRGIKEWKCG,1,17,31,1,58,17,31
59843,SCDQIKNYIDKQLLPIVNKAGCGSAEEVQKDFEKALRNAGVKDCLEDILRGIKEWKCG,1,1,6,1,58,1,6
59849,SCDQIKNYIDKQLLPIVNKAGCGSAEEVQKDVEKLLRNAGVKDCLEDILRGIKEWKCG,1,4,4,1,58,4,4
60001,PCDKQKNYIDKQLLPIVNKAGCGSAEEFQKDIEKALRNAGVKDCLKEIFSGIKEIKCG,10,1,1,5,58,0.1,0.2
60156,SCEEAKNYIDKQLLPIVNKAGCSRPEELERMFRKALKKMGDTSCFDDIMKGIKEFKCG,2,1,2,1,58,0.5,2
60230,PCDDQKNYIDKQLLPIVNKAGCGSAEEVQKDIEKALRNAGVKDCLEDILRGIKEWKCG,3,7,3,1,58,2.333333333,3
60354,SCDQIKNYIDKQLLPIVNKAGCGSAEEWQKDIEKALRNAGVKDCLEDILRGIKEIKCG,1,10,14,1,58,10,14
60370,SCDDLKNYIDKQLLPIVNKAGCGSAEEVQKDIEKALRNAGVKDCLEDILRGIKEWKCG,3,5,6,1,58,1.666666667,6
60383,SCDQIKNYIDKQLLPIVNKAGCGSAKEVQKDIEKALRNAGVKDCLEEWFSGIKEWKCG,2,4,2,1,58,2,2
60473,SCDQIKNYIDKQLLPIVNKAGCGSAKEVQKDIEKALRNAGVKDCLEDILRGIKEFKCG,2,156,11,1,58,78,11
60763,PCDKQKNYIDKQLLPIVNKAGCSRPEEVERAVRKMLKKMGNTDCLEDILRGIKEIKCG,3,1332,194,1,58,444,194
60817,SCDQIKNYIDKQLLPIVNKAGCGSAEEVLKDIEKALRNAGVKDCLKEWFSGIKEWKCG,1,1,1,1,58,1,1
60931,SCDDLKNYIDKQLLPIVNKAGCSRPEEVEERIRRALKKMGDTSCFDEIMKGLKEIKCG,1,12,73,1,58,12,73
61165,PCDKQKNYIDKQLLPIVNKAGCGSAKEVQKDIEKALRNAGVKDCLEDILRGIKEWKCG,2,1291,114,3,58,645.5,38
61801,SCDQIKNYIDKQLLPIVNKQSCGSAEEWQKDIEKLLRNAGVKDCLKEIFSGIKEWKCG,2,1,2,2,58,0.5,1
62054,PCDKQKNYIDKQLLPIVNKAGCGSAEEVQKDLEKALRNAGVKDCLKEIFSGIKEVKCG,1,1,1,2,58,1,0.5
62230,PCEKAKNYIDKQLLPIVNKAGCGSAEEWQKDVEKLLRNAGVKDCLKEWFSGIKEFKCG,4,1,2,3,58,0.25,0.666666667
62616,SCDQIKNYIDKQLLPIVNKAGCGSAEEVQKDVEKALRNAGVKDCLEDILRGIKEIKCG,3,8,4,1,58,2.666666667,4
62733,SCDEAKNYIDKQLLPIVNKAGCGSAEEWQKDVEKALRNAGVKDCLEDILRGIKEWKCG,1,6,1,1,58,6,1
62763,SCDQIKNYIDKQLLPIVNKAGCGSAEEWQKDVEKALRNAGVKDCLEDILRGIKEWKCG,1,44,5,1,58,44,5
62977,SCDEMKNYIDKQLLPIVNKAGCGSAEEVQKDIEKALRNAGVKDCLEDILRGIKEIKCG,3,1,1,1,58,0.333333333,1
63009,PCDKQKNYIDKQLLPIVNKAGCGSAEEVQKDIEKALRNAGVKDCLEDILRGIKEIKCG,3,360,22,2,58,120,11
63214,PCDKQKNYIDKQLLPIVNKAGCGSAKEVQKDIEKALRNAGVKDCLKEWFSGIKEWKCG,1,15,3,2,58,15,1.5
63572,PCDDAKNYIDKQLLPIVNKAGCGSAEEVQKDIEKALRNAGVKDCLEDILRGIKEIKCG,2,290,124,1,58,145,124
64353,SCDQIKNYIDKQLLPIVNKAGCGSAKEVQKDIEKALRNAGVKDCLKEWFSRIKEIKCG,3,6,7,1,58,2,7
64630,PCDDAKNYIDKQLLPIVNKAGCSRPEEVEERIRRALKKMGDTSCFDDIMKGIKEWKCG,1,2,44,1,58,2,44
64762,SCDQIKNYIDKQLLPIVNKAGCGSAEEFQKDFEKLLRNAGVKDCLEDILRGIKEWKCG,1,6,1,1,58,6,1
65303,PCDKQKNYIDKQLLPIVNKAGCGSAEEVQKDVEKALRNAGVKDCLKEIFSGIKEVKCG,8,3,5,2,58,0.375,2.5
65520,SCDDAKNYIDKQLLPIVNKAGCGSAEEVQKDIEKALRNAGVKDCLEDILRGIKEWKCG,1,4,2,1,58,4,2
67386,PCDKQKNYIDKQLLPIVNKAGCGSAEEFQKDFEKLLRNAGVKDCLKEIFSGIKEIKCG,7,2,2,1,58,0.285714286,2
74454,PCDDAKNYIDKQLLPIVNKAGCGSAEEWQKDVEKLLRNAGVKDCLEDILRGIKEWKCG,2,1,12,1,58,0.5,12
76295,SCEEAKNYIDKQLLPIVNKAGCGSAEEVQKDFEKALRNAGVKDCLEDILRGIKEIKCG,2,2,2,1,58,1,2
78311,PCDKQKNYIDKQLLPIVNKAGCGSAEEFQKDVEKALRNAGVKDCLKEIFSGIKEWKCG,2,1,2,4,58,0.5,0.5
80015,SCDQIKNYIDKQLLPIVNKAGCGSAEEFQKDIEKLLRNAGVKDCLKEWFSGIKEVKCG,5,3,1,1,58,0.6,1
84182,PCDKQKNYIDKQLLPIVNKAGCSRPEEVEEMVRRALKKLGETPCLEDILRDIKEIKCG,1,4,2,1,58,4,2
86320,SCDQIKNYIDKQLLPIVNKAGCGSAEEVQKDWEKALRNAGVKDCLEDILRGIKEIKCG,2,6,1,1,58,3,1
89191,SCDQIKNYIDKQLLPIVNKAGCGSAEEVQKDIEKALRNAGSKDCLKEIFSGIKEIKCD,1,33,12,1,58,33,12
104593,SCDKQKNYIDKQLLPIVNKAGCGSAEEVQKDIEKALRNAGVKDCLKEIFSGIKEIKCG,2,1,1,1,58,0.5,1
105659,SCDESKNYIDKQLLPIVNKAGCSRPEELERMFRKALKKMGDTSCFDDIMKGIKEWKCG,1,1,6,2,58,1,3
107710,TCSANKNYIDKQLLPIVNKAGCSRPEELEERIRRALKKFGDTDCLKDILLGIKEWKCG,1,1,4,1,58,1,4
110650,SCDEAKNYIDKQLLPIVNKAGCGSAEEWQKDVEKLLRNAGVKDCLEDILRGIKEIKCG,1,3,2,1,58,3,2
111011,SCDDAKNYIDKQLLPIVNKAGCSRPEEVEERIRRALKKMGDTSCFDEIMKGLKEIKCG,3,21,12,1,58,7,12
115671,SCDEHKNYIDKQLLPIVNKAGCSRPEEVEERIRRALKKMGDTSCFDEIMKGLKEIKCG,1,39,5,2,58,39,2.5
115694,SCDESKNYIDKQLLPIVNKAGCSRPEEVEERIRRALKKMGDTSCFDEIMKGLKEIKCG,1,310,41,2,58,310,20.5
120545,SCDQIKNYIDKQLLPIVNKAGCGSAEEWQKDIEKALRNAGVKDCLKEIFSRIKEIKCG,11,2,1,3,58,0.181818182,0.333333333
120603,PCDKQKNYIDKQLLPIVNKAGCGSAEEVQKDWEKALRNAGVKDCLKEIFSGIKEIKCG,9,1,1,7,58,0.111111111,0.142857143
123663,SCDQIKNYIDKQLLPIVNKQSCGSAEEVQKDVEKALRNAGVKDCLKEIFSGIKEWKCG,2,1,1,7,58,0.5,0.142857143
124141,SCDQIKNYIDKQLLPIVNKAGCSRPEEVEEMVRRALKKLGETPCLEDILRGLKEIKCG,2,80,11,1,58,40,11
126487,SCDDLKNYIDKQLLPIVNKQSCGSAEEVQKDVEKALRNAGVKDCLKEIFSGIKEIKCG,2,1,1,1,58,0.5,1
126543,PCDKQKNYIDKQLLPIVNKAGCSRPEEVEERIRRALKKMGDTSCFDEILKGLKEIKCG,2,368,49,1,58,184,49
164027,PCDDAKNYIDKQLLPIVNKAGCGSAEEVQKDLEKALRNAGVKDCLEDILRGIKEIKCG,1,11,1,1,58,11,1
168667,SCDEAKNYIDKQLLPIVNKAGCGSAEEWQKDVEKLLRNAGVKDCLKEWFSGIKEIKCD,1,1,1,2,58,1,0.5